
[2026-01-03T18:11:47.847Z] Update Task 6959553f431b93e5d27bec48
Headers: "application/json"
File: "No File"
Body Voice: [object Object]
Success: URL=null

[2026-01-03T18:13:32.190Z] Update Task 6959553f431b93e5d27bec48
Headers: "application/json"
File: "No File"
Body Voice: [object Object]
Success: URL=null

[2026-01-03T18:13:49.646Z] Update Task 6959553f431b93e5d27bec48
Headers: "application/json"
File: "No File"
Body Voice: [object Object]
Success: URL=null

[2026-01-03T18:16:35.481Z] Update Task 6959553f431b93e5d27bec48
Headers: "multipart/form-data; boundary=----WebKitFormBoundaryIAUnsJ0efTitC2iD"
File: {"fieldname":"voiceRecording","originalname":"voice-recording.webm","encoding":"7bit","mimetype":"audio/webm","buffer":{"type":"Buffer","data":[26,69,223,163,159,66,134,129,1,66,247,129,1,66,242,129,4,66,243,129,8,66,130,132,119,101,98,109,66,135,129,4,66,133,129,2,24,83,128,103,1,0,0,0,0,0,125,126,17,77,155,116,185,77,187,139,83,171,132,21,73,169,102,83,172,129,110,77,187,139,83,171,132,22,84,174,107,83,172,129,147,77,187,139,83,171,132,31,67,182,117,83,172,129,215,77,187,140,83,171,132,28,83,187,107,83,172,130,125,108,236,174,0,0,0,0,0,0,0,0,0,0,0,0,0,0,0,0,0,0,0,0,0,0,0,0,0,0,0,0,0,0,0,0,0,0,0,0,0,0,0,0,0,0,0,0,0,0,21,73,169,102,160,42,215,177,131,15,66,64,68,137,132,68,240,0,49,77,128,134,67,104,114,111,109,101,87,65,134,67,104,114,111,109,101,22,84,174,107,191,174,189,215,129,1,115,197,135,124,129,239,45,223,123,175,131,129,2,134,134,65,95,79,80,85,83,99,162,147,79,112,117,115,72,101,97,100,1,1,0,0,128,187,0,0,0,0,0,225,141,181,132,71,59,128,0,159,129,1,98,100,129,32,31,67,182,117,1,0,0,0,0,0,124,137,231,129,0,163,67,195,129,0,0,128,251,3,112,249,72,176,37,160,196,217,189,35,136,73,20,207,198,72,252,95,40,140,167,57,21,50,85,227,44,99,108,248,250,191,240,106,89,50,123,93,116,35,97,34,80,245,205,236,99,32,85,33,150,215,105,237,58,228,101,75,57,216,77,208,137,230,232,68,24,191,79,171,157,128,251,182,174,186,188,60,51,58,221,36,43,222,113,171,59,88,126,178,4,83,30,67,121,62,40,201,237,75,46,148,101,0,88,76,195,152,189,139,162,6,97,253,19,86,109,202,31,228,32,126,55,126,173,236,53,156,185,80,166,112,228,212,212,92,198,226,46,211,49,112,21,63,224,0,0,0,0,0,0,0,0,0,0,0,0,0,0,0,0,0,0,0,0,0,0,0,0,0,0,0,0,0,0,0,0,0,0,0,0,1,185,153,30,147,168,240,107,79,185,45,77,46,219,137,5,123,28,175,255,73,225,226,151,15,215,171,16,198,86,153,212,132,171,195,214,124,37,206,51,32,21,90,4,210,8,230,161,42,143,132,3,236,184,218,40,24,69,92,130,30,96,100,34,140,98,32,103,228,123,157,190,158,194,221,49,147,106,7,159,142,193,145,133,133,134,205,232,151,132,1,6,185,6,37,184,149,26,6,38,64,101,63,168,137,28,229,78,41,128,133,28,202,180,115,36,172,48,217,22,252,35,76,94,88,54,101,106,252,170,237,236,97,206,113,121,207,124,130,237,65,217,139,191,85,114,145,226,29,90,90,50,191,223,33,97,116,36,58,144,9,103,119,10,184,83,165,190,24,114,192,44,163,2,203,14,25,45,191,177,46,189,73,9,247,17,26,140,48,238,189,212,168,71,125,236,14,1,122,31,83,237,65,10,100,181,97,15,96,101,231,227,138,114,111,88,164,218,213,108,190,230,158,15,187,59,74,38,72,210,121,87,213,90,14,136,16,90,183,16,39,177,243,48,19,91,205,117,218,228,141,231,150,190,140,75,39,118,20,197,25,33,159,84,129,93,147,51,88,84,243,117,56,56,37,52,194,63,252,173,135,192,188,247,187,9,60,76,162,39,28,94,251,177,189,88,223,72,47,26,178,185,35,60,187,64,149,33,118,134,88,250,190,92,186,27,126,74,43,104,239,231,149,162,78,245,206,179,41,30,44,157,128,184,68,218,3,106,52,198,80,190,81,196,145,70,171,219,150,62,112,99,98,107,53,91,12,246,59,49,40,253,85,161,33,206,78,136,169,152,139,104,151,14,228,19,247,56,30,18,9,247,253,25,225,229,69,139,211,247,13,255,11,2,239,128,26,183,156,229,192,12,235,60,8,19,82,48,119,248,51,164,128,5,168,158,64,52,8,156,136,227,84,222,36,183,138,162,160,164,248,53,138,93,69,75,94,243,98,70,154,192,99,135,122,252,134,128,24,193,105,6,95,117,0,155,208,240,91,240,23,222,221,143,27,93,177,166,101,196,77,204,248,111,194,105,152,32,100,1,117,173,100,39,235,219,202,237,236,192,64,20,29,160,6,110,54,224,38,16,121,87,31,52,93,88,19,151,3,183,60,39,82,63,101,135,244,91,116,99,116,167,154,227,253,159,218,3,129,218,12,8,179,217,221,170,11,118,162,240,83,85,2,199,17,153,152,129,90,113,240,234,36,70,190,169,226,20,131,208,57,6,55,4,36,196,27,80,201,67,153,59,119,90,223,92,72,23,204,134,194,207,35,46,83,81,158,97,119,138,36,228,141,246,92,48,124,45,200,224,157,247,26,212,12,36,236,191,190,218,243,78,211,161,23,66,3,40,196,222,204,47,206,79,227,236,98,32,167,93,115,58,194,18,4,91,118,201,48,222,193,126,74,247,75,33,182,134,161,169,188,83,66,247,154,75,228,211,101,135,103,202,31,135,63,186,150,72,51,154,182,72,76,235,233,228,30,140,123,252,164,147,86,217,6,196,209,167,193,219,12,107,119,69,8,2,84,207,117,191,77,145,30,155,29,110,176,113,47,138,136,71,101,27,19,66,92,104,96,236,129,92,36,82,188,255,113,140,173,95,60,165,39,247,177,52,239,223,172,219,253,47,148,140,234,70,53,238,192,127,245,186,91,141,209,91,252,213,49,171,178,187,25,180,228,223,200,103,236,222,243,185,240,60,182,196,163,67,195,129,0,59,128,251,3,28,40,152,170,112,109,63,97,165,160,149,213,164,23,245,125,36,71,103,107,172,68,243,174,44,222,19,91,210,231,235,240,63,207,240,109,42,156,41,49,61,194,25,191,173,204,69,242,149,3,148,118,50,52,153,193,87,42,209,180,240,56,248,196,22,145,105,213,211,145,254,229,73,126,212,232,94,97,183,153,58,145,95,72,107,101,203,12,27,117,200,235,16,96,140,126,152,101,58,218,210,206,172,47,23,154,79,188,177,199,177,118,221,169,148,73,241,226,252,144,68,66,32,158,134,8,59,106,205,54,64,110,205,236,102,45,117,204,59,105,227,144,179,215,10,149,232,35,146,10,163,61,22,53,24,154,192,222,185,106,235,248,153,252,134,227,118,67,135,213,188,118,73,36,208,186,165,222,37,56,9,195,32,151,150,1,216,11,153,36,83,31,4,134,44,234,117,240,68,156,220,253,134,83,192,188,135,234,115,195,79,16,241,180,128,76,177,162,233,91,214,113,76,98,34,51,194,199,118,170,93,177,148,202,237,215,152,12,114,160,164,189,122,115,46,76,136,73,89,31,53,162,160,10,89,82,21,22,224,20,205,131,165,235,181,135,146,131,165,30,73,177,211,213,24,191,188,225,147,93,69,157,139,66,192,22,132,248,137,122,150,22,158,0,64,242,176,122,214,252,57,141,76,85,73,141,159,180,22,163,89,85,47,208,163,250,119,54,86,59,115,223,240,141,28,132,20,201,52,64,91,238,27,75,227,72,6,231,69,204,212,160,90,96,115,97,54,7,211,242,130,146,61,50,103,4,12,247,226,253,25,195,57,228,12,89,222,17,216,250,5,21,66,193,111,185,108,27,99,22,76,81,16,49,11,229,7,87,40,138,97,80,197,191,190,167,26,8,174,30,201,102,172,11,178,165,65,56,184,217,222,97,203,125,17,37,127,59,34,110,40,7,101,21,130,230,239,109,159,147,157,183,160,37,126,241,59,123,96,199,143,203,120,37,95,219,168,189,86,20,216,213,96,64,140,158,51,249,166,204,218,88,85,6,194,97,88,229,134,128,246,206,12,178,159,164,17,24,4,119,197,206,187,240,234,113,200,214,230,70,182,0,44,67,151,92,143,108,221,69,72,241,205,239,231,47,121,45,111,75,116,31,193,241,75,55,8,160,118,184,180,198,67,29,225,227,29,164,119,57,77,179,99,113,25,52,206,73,190,93,239,240,64,229,41,171,14,253,196,146,106,96,207,141,237,30,22,183,32,73,130,42,57,151,180,52,19,214,154,130,51,36,254,210,145,144,115,185,117,161,18,142,98,94,50,148,202,33,63,88,170,107,208,102,152,119,219,51,158,79,11,226,109,133,251,7,186,60,188,21,198,232,224,36,232,114,68,162,114,128,175,83,156,71,42,162,193,156,194,96,116,43,174,42,132,195,153,72,37,14,238,85,3,56,162,22,185,21,226,108,247,243,57,163,174,87,109,117,156,180,69,98,166,241,0,185,53,241,189,232,200,226,137,67,150,62,150,121,218,110,76,35,38,28,195,144,85,126,186,94,49,44,39,101,38,114,35,187,172,144,6,56,130,7,128,60,128,148,33,26,130,246,26,72,226,195,228,133,12,53,241,38,39,28,226,11,117,67,150,6,60,41,175,180,114,128,51,48,85,130,0,82,50,81,80,135,255,22,163,142,2,109,114,17,226,84,254,4,237,207,80,18,229,94,178,78,196,193,93,120,140,62,192,43,205,191,37,57,129,23,179,125,222,208,107,75,51,120,145,102,211,4,181,98,22,95,179,230,158,250,235,226,199,68,80,8,150,156,88,196,250,113,193,227,122,244,170,21,185,134,96,55,247,98,118,115,75,218,163,209,232,197,34,248,27,131,48,65,159,127,32,6,1,38,74,26,46,150,247,250,60,209,183,157,101,173,240,220,171,202,218,58,229,169,194,118,154,175,17,14,33,22,59,224,200,70,17,218,129,27,178,167,227,193,210,249,111,251,24,183,44,144,121,117,66,237,229,89,241,172,186,48,116,72,132,109,24,14,39,68,206,176,200,195,42,99,224,177,220,116,23,211,62,34,222,197,20,160,211,218,32,87,234,32,245,231,24,141,60,145,104,222,112,16,79,179,46,105,27,75,113,229,40,69,151,50,192,163,67,195,129,0,119,128,251,3,62,72,65,14,249,221,110,253,54,241,209,231,118,177,16,40,77,181,28,88,232,30,139,196,193,110,24,125,32,229,149,20,50,48,27,36,47,113,103,17,45,189,96,240,144,248,185,42,87,127,80,59,199,5,43,254,102,231,49,236,199,114,44,210,60,14,90,82,9,122,148,158,219,57,90,99,108,23,42,57,174,38,26,17,165,226,76,103,182,117,210,226,138,179,151,170,111,53,87,153,212,170,225,70,145,120,177,86,222,81,252,52,125,119,108,117,117,181,70,29,173,138,21,36,8,118,226,171,219,110,95,234,88,94,138,34,209,253,250,123,94,44,128,95,51,125,113,143,1,132,3,53,37,121,86,126,246,118,33,110,141,189,222,125,65,221,107,82,11,12,30,235,120,23,41,189,37,186,206,61,112,202,221,18,28,206,41,252,155,202,137,64,69,141,83,181,192,122,4,43,12,158,205,123,107,76,213,55,237,32,243,190,100,166,255,40,135,87,33,245,104,235,12,80,117,105,67,30,251,208,203,241,130,197,10,181,235,247,45,18,183,159,81,206,115,205,64,185,174,7,75,126,164,161,39,101,10,135,104,48,255,39,110,210,179,111,151,171,159,217,169,64,155,78,113,9,141,102,199,75,203,194,119,47,19,108,248,193,88,199,225,106,3,151,19,5,131,224,24,160,226,244,188,143,33,26,33,63,115,233,44,149,52,193,128,113,131,118,47,68,96,172,229,121,179,181,37,169,50,230,99,242,97,36,194,100,217,55,123,242,203,92,52,13,65,13,113,52,110,254,251,233,58,146,90,88,126,224,162,103,174,30,108,15,106,18,144,136,166,244,37,223,60,137,70,122,118,183,30,165,183,168,151,219,132,48,100,101,179,2,175,240,216,26,130,167,79,199,146,252,130,182,141,131,65,80,124,218,65,84,109,105,13,141,193,13,80,19,232,111,181,44,144,34,233,9,205,199,159,247,204,147,118,37,28,155,237,54,201,90,73,89,39,145,41,157,128,68,122,115,202,13,124,51,124,46,238,198,79,149,180,125,172,12,57,67,233,77,173,35,37,5,206,30,229,92,104,152,23,24,13,202,246,29,199,73,87,53,99,217,34,221,154,93,62,49,192,9,172,238,135,192,201,84,91,16,104,201,167,16,206,124,242,195,50,31,27,11,215,80,9,138,38,220,241,81,54,137,128,144,86,20,208,155,143,87,56,252,103,186,148,207,191,91,96,133,26,64,60,105,200,24,27,40,82,76,188,187,166,206,172,110,58,118,109,171,171,46,4,94,122,198,188,2,53,255,228,114,139,149,180,135,17,131,88,83,208,1,72,93,158,185,152,140,34,254,91,149,64,119,60,142,213,170,39,76,170,215,132,155,33,179,79,127,122,245,202,112,64,160,130,205,217,133,138,80,105,218,108,147,139,173,52,134,205,228,121,51,63,36,165,126,172,223,119,211,17,238,137,99,78,25,214,29,180,1,24,135,136,141,103,10,229,32,74,23,132,142,16,213,48,245,232,23,242,87,113,193,159,217,197,60,24,15,139,11,3,230,146,8,140,31,222,242,30,107,142,173,163,119,209,142,58,207,82,157,62,148,41,173,184,209,111,188,180,48,43,99,254,93,220,162,152,128,149,220,87,60,169,228,158,149,10,142,76,172,14,251,212,122,163,194,164,179,153,151,168,70,0,87,114,26,254,28,222,164,129,50,49,189,162,238,10,164,69,196,220,228,84,122,236,39,217,28,216,250,121,228,164,77,35,246,169,44,243,203,252,133,156,195,69,253,95,218,81,161,30,171,110,246,223,228,19,250,194,39,32,95,216,26,6,18,175,45,179,112,254,215,89,168,32,245,74,71,29,139,123,14,157,26,88,8,143,28,19,109,39,86,160,202,132,243,53,93,112,93,43,56,229,37,131,128,4,44,235,57,55,177,202,239,255,157,172,195,234,12,237,142,97,153,194,126,110,29,208,150,97,254,47,201,143,78,76,240,51,199,29,84,192,43,190,116,20,177,100,242,215,95,250,240,90,40,207,253,54,80,205,48,124,241,37,88,200,163,91,118,171,190,170,6,19,227,149,200,66,222,101,137,107,42,35,183,35,184,226,202,115,134,73,200,163,82,86,172,43,254,217,194,11,40,23,18,38,160,141,132,27,163,67,195,129,0,179,128,251,3,65,89,12,71,218,224,118,91,171,222,90,49,54,133,143,206,61,216,76,24,247,43,134,249,37,5,195,15,100,82,127,83,144,212,16,156,76,167,215,129,210,84,107,14,117,238,165,112,238,255,151,236,10,12,137,77,7,221,131,32,225,170,63,150,208,9,193,73,68,124,224,196,0,137,249,62,45,121,37,59,215,163,95,12,208,158,123,135,93,104,150,235,177,189,248,69,199,106,213,200,53,160,175,18,144,53,131,85,153,1,189,32,181,3,157,156,17,159,80,50,37,197,114,119,29,214,113,148,37,120,240,74,63,163,83,188,230,255,248,230,63,205,75,160,101,107,172,178,249,211,86,22,128,11,16,29,132,89,108,104,188,35,242,208,69,200,78,113,90,59,52,72,247,16,158,57,152,96,192,227,160,1,92,199,144,29,109,46,160,158,8,76,10,248,40,166,192,59,83,188,6,92,188,65,81,254,41,47,173,99,232,91,0,54,195,73,53,248,111,38,243,3,150,20,214,97,240,36,230,139,132,33,111,18,21,253,88,3,147,171,78,219,57,46,27,239,4,253,228,239,35,255,37,155,174,127,20,55,224,82,130,5,93,152,248,56,113,241,132,74,159,96,153,6,228,87,71,72,157,252,153,241,54,116,210,150,195,236,58,220,34,15,145,89,33,56,98,179,72,144,93,79,30,24,178,228,174,108,200,153,8,251,109,1,12,115,75,222,150,173,11,255,17,6,165,94,141,91,247,190,226,1,43,234,82,65,88,79,143,154,232,88,227,124,174,117,75,12,44,147,235,227,66,88,152,16,12,181,149,169,52,23,188,26,47,0,117,115,175,177,55,155,88,212,147,251,77,60,15,34,83,203,110,84,14,165,200,40,40,38,106,47,190,72,26,239,112,38,4,221,105,239,69,191,163,19,138,66,249,242,18,232,4,122,151,202,108,105,67,159,90,17,241,206,10,234,163,206,193,201,229,209,85,244,34,158,38,252,110,192,13,90,241,62,207,207,46,58,182,170,219,99,14,211,9,253,50,80,180,236,152,249,134,121,65,7,83,42,198,193,234,83,43,249,92,126,230,145,81,223,181,107,156,206,117,100,206,80,41,147,123,123,225,166,0,200,228,207,94,94,217,185,188,59,128,146,14,206,232,6,119,20,109,218,26,151,194,120,63,242,34,98,235,221,226,245,63,184,231,242,46,37,67,191,142,52,214,166,115,177,222,31,129,81,178,134,142,164,88,39,135,93,82,46,60,51,238,118,37,166,127,235,141,235,81,175,1,200,46,187,231,6,168,227,50,67,40,74,100,7,195,200,236,222,122,208,206,24,70,60,106,193,194,111,123,194,28,36,174,31,89,185,84,73,22,239,7,248,157,237,24,73,85,121,115,212,60,186,150,64,37,180,45,119,105,75,33,9,175,106,123,169,156,166,15,18,4,156,184,12,198,255,237,163,8,106,156,83,163,221,197,180,130,213,233,197,110,213,69,105,160,87,41,224,31,24,107,245,218,255,139,142,125,92,194,182,229,2,173,6,71,164,47,82,255,236,187,144,159,16,164,45,154,147,184,114,45,57,188,181,95,27,208,37,152,66,57,57,135,156,92,253,152,192,149,227,118,144,162,112,63,242,116,70,151,249,186,78,219,47,3,148,151,17,227,129,214,143,23,174,231,111,21,216,75,150,23,43,55,134,181,102,240,114,231,56,90,247,186,26,174,221,71,171,105,85,233,172,15,206,175,106,43,135,35,106,31,90,36,93,12,27,246,45,178,244,4,134,71,231,206,241,154,60,126,121,245,50,178,211,219,174,180,106,250,109,60,193,208,213,15,39,111,45,24,233,155,122,203,183,240,60,197,239,24,80,29,119,145,94,19,60,205,90,190,161,10,81,124,22,73,19,255,204,236,244,110,117,208,253,82,150,207,45,120,35,81,124,180,134,65,204,201,102,50,56,99,54,197,97,66,200,117,206,136,254,124,199,75,218,181,24,194,139,204,237,147,252,218,209,158,226,0,120,61,24,15,245,83,23,232,43,233,172,49,84,132,154,231,191,92,142,159,235,177,185,47,103,230,240,252,121,71,226,205,212,219,243,87,165,221,219,236,235,31,187,85,77,218,68,104,31,53,181,169,21,230,195,217,92,214,139,214,184,129,134,154,163,67,195,129,0,240,128,251,3,189,91,96,106,45,9,62,156,147,236,129,27,37,124,22,169,202,247,87,250,145,8,123,146,8,245,41,24,1,80,128,59,136,84,37,64,214,185,80,92,146,133,19,245,139,150,188,162,235,214,253,244,251,86,25,60,186,71,215,191,53,1,211,36,185,60,154,240,90,27,204,203,71,65,227,201,31,189,94,204,71,175,39,208,217,49,153,121,205,76,212,161,74,142,144,87,143,100,188,62,237,137,187,35,9,84,44,230,237,237,191,31,94,177,18,80,140,226,48,156,242,33,150,65,156,125,166,79,123,157,40,249,53,197,71,71,82,54,124,50,127,32,100,250,82,23,215,67,65,68,21,190,201,42,169,196,241,12,255,223,30,18,96,149,50,165,231,23,74,203,220,232,106,189,233,166,210,136,2,20,53,177,216,178,194,187,32,252,127,34,46,114,11,203,144,7,211,219,174,33,141,86,132,211,59,65,247,249,147,11,8,71,74,34,232,74,177,253,249,224,251,47,22,68,175,85,128,65,118,144,120,66,81,225,25,253,32,58,132,34,192,81,221,145,30,167,22,11,163,166,236,84,143,27,56,229,238,6,92,255,54,71,6,0,87,24,73,247,43,188,205,38,130,216,62,124,112,186,102,172,182,80,31,254,98,240,110,40,119,238,13,117,54,182,104,221,26,172,154,162,177,21,12,138,249,23,181,143,187,158,233,201,99,9,96,115,66,76,155,189,93,252,151,110,35,164,196,176,222,160,97,76,184,217,7,248,72,103,9,137,54,39,64,250,210,135,165,85,178,249,181,61,125,84,140,241,35,121,132,203,221,69,101,195,211,103,134,182,216,130,49,171,100,184,53,219,55,158,230,54,231,82,11,221,68,217,12,113,219,104,42,33,237,223,207,187,202,88,230,155,129,181,57,93,139,210,9,81,50,223,171,151,243,193,116,249,157,16,153,100,227,231,89,175,64,125,134,123,147,77,163,163,56,105,137,30,128,156,199,13,173,137,124,158,219,146,130,107,149,24,94,58,159,210,251,8,166,26,126,187,23,19,151,22,199,82,88,154,227,203,46,87,45,154,202,210,92,140,81,130,82,246,103,91,142,186,14,160,109,114,165,154,144,222,210,49,54,132,254,97,114,162,177,251,99,95,232,179,187,247,155,194,89,80,131,174,102,52,158,26,109,28,139,156,52,176,140,10,12,169,240,91,44,129,9,17,34,177,185,62,108,149,31,187,204,79,220,217,247,21,206,61,228,86,77,81,44,199,214,113,65,203,29,22,135,19,75,20,171,72,60,5,18,221,227,194,169,239,84,137,0,167,129,56,158,2,224,167,26,28,138,22,18,30,158,107,18,231,194,5,92,30,161,240,31,153,238,17,91,153,44,82,171,225,135,252,86,159,238,75,11,234,253,95,126,198,108,108,104,106,229,4,24,27,233,109,16,162,65,85,255,127,202,157,116,223,128,239,112,231,75,225,34,139,252,43,168,175,40,39,205,71,115,41,221,138,217,197,106,107,31,225,228,49,57,147,51,198,124,230,85,171,101,136,102,82,148,234,49,123,89,101,14,65,172,14,123,171,241,30,189,65,219,27,192,176,38,6,225,8,195,48,95,224,120,145,41,230,223,226,166,255,95,183,3,154,205,125,248,168,143,204,118,132,212,189,8,153,166,247,27,107,90,89,168,199,65,1,128,203,64,75,132,228,170,138,8,186,174,111,165,239,15,1,71,77,70,78,119,42,116,86,87,39,81,254,14,20,37,87,155,40,221,137,98,182,110,142,2,187,147,225,169,207,184,121,3,154,43,47,60,137,133,76,85,127,120,234,52,110,39,126,126,194,174,28,54,128,8,206,222,152,127,254,213,224,92,101,178,208,85,152,183,123,39,247,20,16,116,117,163,210,157,97,120,220,181,130,120,191,159,134,204,73,184,28,33,100,126,183,174,209,151,14,130,33,78,103,3,103,27,21,249,142,158,187,68,33,81,13,53,118,158,206,239,242,190,230,93,231,25,153,78,7,96,12,133,12,6,124,229,220,146,36,212,55,12,31,73,125,131,90,40,177,232,97,49,50,105,138,254,56,173,251,188,97,219,130,145,254,121,90,34,77,225,172,166,84,224,11,6,141,222,153,12,72,128,188,139,57,6,217,22,221,162,225,77,163,67,195,129,1,44,128,251,3,65,32,59,1,114,191,221,28,51,150,95,219,69,128,136,121,101,139,249,44,103,174,55,28,24,182,148,148,220,181,44,148,9,60,70,15,94,4,47,116,170,207,142,201,206,95,251,253,237,57,42,116,128,130,53,132,34,186,56,232,17,155,228,222,23,10,149,210,160,183,3,233,62,239,81,125,0,128,69,184,216,236,120,179,4,255,180,205,148,202,30,73,183,141,200,166,48,84,211,239,154,3,77,49,208,66,39,74,204,161,9,110,55,205,237,155,206,127,248,118,27,237,111,141,124,221,44,127,231,190,16,27,150,69,23,191,156,220,243,168,42,164,50,57,182,47,236,190,134,58,188,201,156,93,75,119,184,230,194,186,58,220,207,140,26,241,253,17,60,132,122,253,230,244,148,163,152,169,94,255,30,35,53,52,197,72,206,68,31,143,128,54,255,56,235,115,190,19,34,249,138,14,207,162,223,35,140,85,1,247,178,67,220,227,206,181,9,25,95,123,224,173,242,197,251,216,129,140,33,16,195,80,181,43,183,86,197,48,169,19,19,194,81,148,194,64,179,200,122,47,80,37,211,149,245,165,182,0,234,140,160,12,42,230,154,169,252,177,138,250,96,86,46,52,103,117,96,222,34,46,51,131,58,254,2,23,6,91,189,215,218,4,43,188,11,176,32,160,184,184,225,150,66,244,16,97,186,168,14,242,47,122,128,203,35,17,78,112,186,37,18,169,197,125,106,190,226,109,43,149,255,171,190,199,167,11,49,155,105,181,132,168,99,123,82,6,220,30,32,67,231,241,65,243,67,99,135,137,111,10,13,199,196,73,200,18,108,137,71,230,120,179,150,42,197,151,67,154,1,215,244,120,80,10,130,212,234,232,165,109,9,98,207,22,65,141,172,92,89,4,141,224,252,130,221,187,187,130,124,214,91,34,174,123,125,205,191,144,141,77,86,246,54,117,252,63,181,203,66,85,75,84,69,132,105,13,172,144,99,246,60,20,91,228,235,38,156,170,254,166,182,24,15,245,204,97,184,238,233,56,182,60,176,134,71,15,17,161,243,4,190,49,97,189,18,106,57,6,125,41,194,222,162,99,99,68,222,121,136,177,112,117,103,150,211,88,250,92,218,101,27,125,243,138,192,208,2,213,134,84,237,148,35,22,173,223,241,71,208,141,255,191,207,185,54,216,87,138,160,62,136,147,229,93,225,130,153,239,166,66,142,27,47,197,254,144,147,9,37,180,157,92,45,104,64,217,25,145,56,178,199,167,244,152,106,134,36,192,32,209,135,2,166,174,53,152,127,207,31,194,67,110,114,20,110,188,193,132,237,140,117,46,108,105,106,22,172,171,18,75,133,203,198,122,96,63,93,26,115,18,7,124,47,74,88,19,60,148,84,243,239,34,251,136,33,133,87,198,201,37,172,120,45,208,90,134,172,116,189,74,176,190,195,11,86,76,35,225,170,74,10,49,184,169,95,233,87,3,108,132,173,45,14,62,182,84,7,226,99,175,2,4,24,47,179,233,6,112,65,146,194,32,99,107,246,170,186,94,189,99,208,95,240,80,1,165,15,99,157,139,239,155,191,72,161,118,38,163,105,30,108,251,32,157,89,157,195,90,22,225,117,255,86,14,132,60,244,104,217,228,150,41,133,119,77,160,71,115,173,135,221,26,239,255,17,70,36,184,229,238,129,178,119,3,67,110,14,46,1,41,208,167,96,248,115,116,20,243,30,187,136,40,134,61,96,77,220,220,255,197,119,184,31,213,12,110,221,184,98,193,41,93,47,57,175,10,163,183,165,10,255,207,64,30,243,63,253,248,59,239,190,120,175,133,172,144,128,70,41,64,157,43,22,31,190,88,56,85,179,239,142,153,219,124,95,6,28,223,142,211,84,142,57,170,234,180,207,16,150,100,226,215,19,0,153,122,158,74,203,137,180,152,97,248,195,247,25,50,62,78,105,110,168,29,158,209,74,121,216,166,231,42,50,214,127,88,118,175,78,252,140,57,46,138,240,223,113,104,35,157,44,49,61,238,164,58,175,201,62,224,248,61,178,144,247,215,111,34,171,94,52,136,62,154,65,73,201,59,48,186,246,108,26,177,231,253,36,190,40,208,177,245,33,195,233,55,87,7,217,200,70,105,150,50,207,4,103,163,67,195,129,1,103,128,251,3,190,10,7,113,215,68,248,205,20,54,168,139,172,111,237,75,198,34,147,45,253,247,19,76,99,13,206,60,100,169,58,238,254,193,141,206,165,200,15,167,163,252,201,219,107,222,161,61,58,145,135,163,170,191,235,37,47,202,219,191,145,88,175,201,213,222,86,50,226,230,32,233,243,165,88,254,95,197,41,244,112,24,52,18,148,10,214,57,251,52,119,210,115,115,9,162,201,96,2,37,184,84,125,237,168,131,177,0,78,41,215,14,90,192,212,69,185,126,9,12,217,85,48,186,251,138,135,246,191,161,195,201,2,23,197,7,158,162,109,63,49,160,7,249,0,127,31,79,53,208,163,93,173,208,109,204,144,39,239,54,180,179,168,74,227,72,83,40,225,53,122,116,227,205,79,184,229,11,54,181,128,185,82,154,37,147,186,239,88,113,13,79,79,206,83,160,152,49,31,107,182,179,218,20,137,64,140,242,143,25,250,210,167,31,197,196,209,246,13,208,6,95,212,234,234,38,39,49,57,83,13,198,236,24,122,207,219,84,230,67,34,137,35,111,39,106,90,223,111,253,238,37,98,165,186,226,64,251,118,133,83,59,51,53,241,169,35,61,70,72,228,165,11,62,70,75,238,92,16,185,85,18,85,29,171,182,143,32,150,90,49,140,129,200,226,193,82,143,56,114,148,68,237,24,186,15,71,207,189,248,0,110,57,228,230,246,104,218,102,64,197,205,163,214,84,157,170,123,32,239,185,27,178,19,167,59,225,114,123,173,51,234,115,80,118,167,170,2,221,47,245,42,56,179,188,116,131,222,218,157,197,130,183,218,231,179,77,115,142,181,184,197,197,89,240,197,47,197,238,115,173,209,97,188,71,125,86,108,174,196,198,99,55,186,23,192,250,232,65,221,50,208,134,41,122,128,99,65,7,35,22,10,163,75,39,202,138,22,169,62,54,27,157,169,121,62,99,176,81,121,94,97,147,227,136,151,17,134,211,226,67,218,105,238,135,247,163,99,73,185,141,90,140,38,64,197,215,129,185,20,254,13,65,232,193,238,119,74,60,196,164,19,82,87,222,101,52,108,99,36,136,162,209,32,99,171,170,28,70,166,62,156,139,41,140,25,174,189,163,151,176,189,35,220,200,139,124,104,200,161,173,42,50,184,145,180,248,85,11,193,147,42,150,199,196,138,142,52,39,118,5,172,77,192,51,45,163,251,97,160,10,219,150,118,50,190,154,149,85,10,66,138,127,121,137,211,226,14,141,138,117,36,187,212,142,71,66,232,46,120,248,183,246,178,3,55,98,225,116,149,236,26,58,72,33,68,82,199,231,178,51,0,49,153,105,216,140,213,169,71,24,71,245,242,205,153,67,116,94,141,112,164,232,111,119,149,81,235,4,39,159,162,231,199,250,75,11,201,147,38,48,103,40,170,141,199,225,14,68,8,144,45,114,68,40,154,207,1,38,228,213,187,76,243,147,177,196,166,53,235,234,222,60,205,199,197,237,173,242,150,129,173,225,100,23,252,73,100,197,166,28,27,49,216,197,88,123,29,214,124,120,36,78,135,253,92,123,119,168,189,99,34,12,201,82,160,225,31,154,204,90,44,187,144,235,89,84,40,210,10,164,37,215,222,82,65,41,77,152,112,128,102,28,105,46,66,25,144,5,118,225,175,183,228,200,244,255,164,91,160,223,51,75,75,142,180,250,182,229,177,55,242,27,170,113,202,9,85,131,182,86,81,200,59,35,117,249,126,196,125,99,132,171,188,4,205,60,188,80,192,76,160,186,23,142,174,202,6,27,51,237,254,242,31,87,38,152,102,193,99,250,234,32,40,53,104,33,170,233,4,99,245,12,93,47,98,2,25,26,221,81,94,250,197,46,119,172,140,63,78,255,215,181,63,25,48,231,118,108,106,190,53,121,177,154,106,255,106,43,188,172,171,113,180,156,196,21,67,188,122,205,9,148,120,74,53,90,15,145,50,51,230,84,215,126,125,97,47,242,192,176,163,7,39,100,117,157,219,40,49,249,27,154,90,29,12,209,141,120,169,62,30,143,39,92,133,179,164,226,248,142,240,158,254,29,121,251,216,34,101,137,4,41,127,117,227,128,188,87,14,171,102,206,213,136,171,9,56,142,135,30,48,142,200,250,81,176,163,67,195,129,1,163,128,251,3,112,43,177,34,52,16,187,12,157,215,12,239,46,255,46,191,130,173,164,56,195,189,20,217,243,70,196,96,85,207,160,230,93,141,105,88,196,96,75,41,7,215,184,24,70,230,107,44,103,159,34,117,14,166,255,116,57,219,155,170,188,80,116,18,5,115,198,246,39,110,70,157,130,244,139,163,232,226,10,150,162,166,35,111,250,147,164,162,13,43,118,42,159,225,87,101,226,4,241,205,65,188,3,184,175,12,187,18,87,209,128,208,60,40,20,144,38,58,60,104,81,204,73,212,128,184,82,31,15,219,159,70,161,178,127,156,174,240,146,82,250,108,104,187,21,23,254,32,173,229,238,97,170,241,100,42,53,217,215,147,49,200,14,95,43,219,141,5,200,139,207,46,246,44,198,148,132,184,18,204,249,110,32,229,159,245,107,56,146,19,98,236,176,239,144,78,122,80,70,78,50,235,230,146,251,178,182,229,50,43,0,118,176,75,197,142,109,151,152,32,156,26,249,136,24,65,12,48,7,148,42,233,161,12,87,164,145,185,74,134,42,231,66,14,53,208,169,21,77,79,21,116,247,88,172,220,240,50,233,156,218,76,231,118,142,235,135,184,130,246,142,114,244,144,245,181,53,128,103,134,199,61,226,7,33,49,189,111,17,26,73,184,195,134,2,128,18,99,140,243,164,149,230,42,209,3,122,130,90,251,175,241,244,119,106,39,194,185,18,78,253,93,119,94,71,123,12,68,112,170,59,145,21,74,208,61,44,105,243,150,196,186,24,25,232,75,32,24,27,225,158,140,96,231,21,199,5,15,155,60,255,5,9,92,190,103,55,63,194,125,88,23,30,153,66,42,182,67,149,15,40,8,47,197,219,98,10,246,146,124,238,1,211,61,232,180,167,117,187,106,127,244,236,116,215,12,35,147,145,58,60,69,0,217,208,162,6,3,153,7,107,207,211,232,187,3,91,30,240,223,94,39,21,97,24,58,168,95,174,210,91,5,185,3,190,158,98,30,144,244,25,128,20,224,221,104,56,52,48,216,250,115,63,19,154,32,221,217,23,136,201,36,13,158,114,195,48,6,237,199,171,202,132,176,80,15,221,182,179,151,245,187,186,107,84,24,141,198,15,198,164,115,39,160,128,35,187,111,127,0,31,179,158,206,59,146,69,252,206,38,222,224,111,147,81,165,139,53,26,106,116,36,190,110,209,14,115,35,145,19,45,75,22,194,228,72,64,251,117,217,115,64,89,238,88,122,57,25,3,101,81,200,85,185,119,220,184,155,80,252,162,133,190,237,99,61,254,126,116,68,36,104,108,14,161,182,161,102,66,45,202,229,4,134,79,40,206,196,138,162,43,124,99,72,235,52,228,7,193,140,121,16,142,197,226,234,142,99,82,224,70,55,83,166,254,29,248,138,162,72,148,31,45,102,196,205,109,49,231,161,140,211,2,17,54,245,120,6,6,190,158,59,30,39,57,15,185,32,18,116,214,174,77,249,182,48,51,78,245,245,231,200,186,148,181,93,155,162,184,54,222,134,169,156,236,31,249,4,94,233,179,13,94,101,141,103,112,148,121,78,40,7,250,150,14,103,145,45,76,26,6,61,157,59,85,89,252,12,214,42,95,89,50,90,158,175,98,75,24,113,140,35,161,137,217,155,141,233,128,30,52,181,195,60,249,48,160,67,8,220,126,59,127,29,216,236,76,252,48,213,87,45,184,254,229,94,235,136,201,168,156,191,174,99,214,87,221,228,62,127,176,76,42,109,156,15,181,192,130,53,43,192,145,217,4,48,49,188,239,223,146,156,3,174,55,70,127,1,74,48,225,216,44,41,231,86,23,133,65,44,156,158,179,204,57,186,100,37,183,16,50,182,193,116,189,175,79,35,119,10,135,166,92,174,115,221,232,148,220,146,240,5,219,242,228,10,66,74,160,145,142,203,43,141,74,194,46,185,237,253,14,15,113,122,108,68,231,59,166,74,71,210,51,176,70,36,158,195,183,159,93,242,157,80,154,242,144,157,219,255,46,104,200,210,239,181,110,254,143,191,237,233,156,9,8,43,58,0,74,130,10,87,190,104,190,70,254,237,189,224,192,33,171,200,16,230,61,42,243,137,22,13,57,204,97,250,231,112,17,207,234,234,180,100,52,221,123,163,67,195,129,1,224,128,251,3,234,116,52,232,106,148,13,126,84,226,21,224,247,144,167,89,46,4,85,196,1,255,18,125,245,161,226,74,54,103,46,241,241,254,173,229,19,60,130,117,23,38,254,184,244,105,223,51,239,49,239,182,94,7,168,48,53,118,159,23,204,32,227,205,135,231,213,188,176,193,232,127,227,141,133,249,15,95,9,240,91,204,157,145,159,91,135,57,81,122,164,84,21,138,115,170,205,133,215,224,86,69,34,69,230,125,137,10,193,219,95,181,218,63,61,150,204,162,198,195,53,127,178,0,61,178,92,85,95,7,3,248,99,70,111,114,144,250,11,164,148,79,205,116,0,66,154,174,231,98,213,8,101,183,92,209,12,199,104,211,89,100,72,138,76,225,87,93,168,131,181,137,164,41,37,253,179,215,121,203,3,9,209,178,140,100,120,219,141,105,183,2,3,142,54,110,223,203,91,5,19,123,12,125,214,55,99,36,160,135,247,228,47,50,177,137,150,70,122,232,162,32,193,76,215,203,248,150,60,203,224,13,115,17,109,96,135,116,144,132,224,207,204,203,75,8,156,166,35,197,226,52,55,185,126,209,46,114,88,7,147,65,34,70,63,147,174,196,227,54,156,248,100,44,163,190,255,28,237,41,214,246,15,66,246,93,35,75,63,33,156,188,25,40,218,244,21,17,109,51,147,136,54,139,191,237,187,71,209,105,92,255,127,49,119,12,192,130,121,123,44,3,65,176,27,255,172,252,137,104,100,69,218,255,241,191,98,29,146,13,232,19,54,17,62,19,46,62,164,4,1,100,129,81,23,53,190,234,225,87,245,158,196,0,122,62,230,88,214,88,233,51,194,193,124,49,175,138,51,2,46,100,3,232,61,242,180,214,249,71,8,213,77,161,175,34,53,118,23,169,232,0,144,6,192,235,6,187,105,191,83,56,216,19,196,204,241,88,105,208,39,232,76,255,63,59,146,238,47,38,255,178,89,112,38,35,85,176,157,18,33,68,18,235,234,84,191,43,153,136,153,157,149,33,183,148,92,34,99,123,90,236,241,76,33,155,102,15,163,192,175,19,249,40,207,178,164,2,87,94,65,87,229,168,15,192,233,112,254,60,27,34,165,3,178,158,9,29,163,232,110,125,134,190,188,93,229,158,86,119,211,13,4,72,15,194,142,198,73,46,232,43,35,108,203,209,17,220,4,252,41,218,216,231,168,137,134,201,79,58,46,37,204,221,199,7,57,116,247,230,9,17,20,182,120,165,166,162,104,64,216,132,19,252,38,216,22,225,121,134,48,50,211,118,184,108,171,183,107,91,212,23,148,69,181,54,128,252,123,213,26,21,247,216,229,104,177,112,29,110,149,78,229,83,153,153,250,225,112,141,90,120,45,119,225,129,116,152,135,205,55,55,131,6,161,227,248,103,164,91,201,177,107,93,76,233,91,169,84,36,149,117,53,15,251,208,23,0,184,46,73,62,36,24,128,21,132,147,227,57,207,97,166,234,163,5,94,241,139,27,170,182,19,68,226,65,155,19,26,35,200,16,194,144,160,43,11,113,95,181,178,211,147,54,22,168,130,93,191,44,5,215,48,137,242,191,238,39,110,26,250,250,120,36,130,176,132,161,239,199,107,47,111,33,220,182,110,20,18,7,149,39,172,226,63,182,105,43,190,198,67,184,28,64,48,85,170,196,118,250,166,68,51,153,91,5,132,182,165,85,181,65,37,90,93,69,207,129,117,103,229,145,167,48,110,5,209,181,176,157,237,180,235,117,242,156,219,62,10,67,12,99,129,143,201,53,3,70,234,94,211,233,248,30,125,95,15,135,178,89,248,86,58,33,225,151,167,141,72,173,25,119,211,12,37,177,149,20,26,254,223,110,92,27,212,206,140,18,12,69,189,201,41,85,113,166,8,86,203,247,44,237,129,208,59,159,160,127,51,69,59,170,84,49,49,250,20,58,156,218,175,133,142,107,43,45,4,168,172,57,71,27,7,184,74,196,23,43,82,47,161,248,139,54,76,188,0,0,136,13,81,191,72,219,231,97,28,26,26,155,65,162,86,155,160,80,44,72,170,71,250,67,32,89,225,38,112,10,116,97,226,161,86,97,71,160,30,42,10,143,210,35,104,31,192,169,197,244,129,83,50,233,66,78,132,17,202,163,67,195,129,2,27,128,251,3,8,11,139,52,171,232,28,32,48,166,202,0,102,159,242,98,86,216,54,142,109,115,135,39,186,216,115,37,56,207,95,75,255,245,51,212,159,174,152,121,180,123,113,203,66,22,27,246,110,31,177,107,151,69,128,25,94,231,16,46,133,16,236,116,3,150,202,250,239,197,141,81,130,100,182,142,251,5,166,169,9,88,100,243,242,29,63,183,97,166,79,115,173,222,139,73,6,115,153,203,32,61,32,198,166,150,169,118,81,56,169,128,36,178,226,43,83,180,146,57,141,141,124,151,106,206,81,208,110,173,38,7,147,2,169,226,124,21,16,42,98,99,191,105,118,58,103,89,147,106,236,11,154,195,234,64,151,48,160,97,187,66,125,201,232,0,181,84,186,231,219,210,113,45,243,75,239,116,43,254,53,144,216,161,94,244,101,93,54,150,95,25,190,63,188,16,160,55,121,27,227,58,164,227,69,128,169,230,104,209,216,128,40,159,124,18,143,142,168,49,185,146,236,229,206,224,176,5,126,64,42,42,2,250,154,208,227,14,175,26,62,125,39,185,145,124,89,70,247,202,23,177,136,19,161,7,25,176,75,86,234,122,224,168,58,3,48,193,133,116,228,90,42,98,134,43,159,30,12,140,115,94,249,86,8,139,239,208,250,183,169,27,170,249,130,216,160,92,47,0,179,17,157,146,236,248,111,27,110,140,86,73,84,80,212,134,245,159,114,7,208,91,214,24,110,91,251,95,104,32,14,59,76,10,223,54,6,16,196,204,227,121,41,167,246,1,162,159,147,87,166,63,82,229,239,64,195,142,119,234,231,148,223,85,10,106,65,195,58,145,10,54,222,249,238,177,186,175,182,129,215,193,33,174,71,222,230,61,22,70,19,78,160,35,144,13,54,117,162,18,38,189,168,127,225,137,16,225,187,80,249,155,39,99,3,39,163,151,22,225,211,173,94,205,239,123,142,89,160,210,229,219,131,4,4,189,11,73,56,223,52,224,158,81,18,253,82,42,151,135,252,210,50,229,195,77,19,148,218,112,11,142,183,205,19,206,72,240,96,19,127,181,113,24,124,95,106,24,164,99,60,38,184,39,205,141,118,74,64,200,83,155,217,255,143,139,109,129,197,112,16,179,146,52,44,242,212,211,139,9,161,13,198,155,3,200,118,40,182,116,151,180,153,220,91,127,90,1,234,59,67,250,83,253,219,59,60,8,180,159,204,151,249,176,216,90,43,110,66,111,217,29,116,86,213,91,39,24,144,191,180,228,73,133,62,90,8,205,1,105,133,56,55,150,194,240,109,93,79,182,208,91,109,154,253,159,35,77,45,167,130,14,101,123,97,242,100,32,100,0,116,46,208,65,249,63,64,76,139,209,21,5,125,163,59,71,194,64,75,203,99,243,105,143,238,5,129,59,11,71,85,195,245,162,98,229,164,214,118,13,68,155,88,153,221,73,91,217,166,232,163,161,144,71,218,50,212,94,129,2,16,208,139,146,1,146,106,106,151,217,129,47,210,222,66,4,15,236,55,140,177,244,153,84,210,59,44,34,197,230,147,67,7,165,239,215,3,244,230,190,222,42,99,133,194,214,169,188,171,123,3,37,80,180,248,43,5,230,51,65,18,194,152,128,124,129,168,93,167,18,112,0,227,223,106,230,116,156,42,219,129,66,92,172,205,30,247,91,195,46,192,238,207,85,16,64,253,67,167,88,198,208,51,97,46,98,6,237,185,90,106,45,179,106,202,175,241,144,178,32,246,11,30,22,4,26,89,248,0,41,115,129,75,145,224,14,86,161,107,169,2,2,67,66,204,213,205,12,63,30,255,62,52,108,181,110,194,69,174,143,125,241,102,136,77,222,125,6,217,111,184,192,101,24,86,106,31,243,211,49,39,251,195,216,92,15,130,51,237,6,100,21,57,253,151,225,221,98,19,44,174,74,70,232,78,150,41,26,49,254,33,226,212,125,248,75,215,144,184,127,185,127,10,209,47,90,73,223,163,91,215,89,72,197,8,57,237,37,124,188,112,184,225,157,22,137,179,74,204,94,53,205,167,179,74,9,220,124,175,45,84,4,221,224,149,156,163,45,121,179,121,214,20,136,162,81,165,129,54,170,238,98,162,213,155,141,1,228,221,255,76,212,135,25,50,55,193,163,67,195,129,2,87,128,251,3,2,180,199,3,125,156,172,233,132,231,188,7,142,35,143,248,104,129,7,41,4,228,235,90,132,163,57,16,62,163,225,52,164,24,239,82,228,59,210,121,146,31,60,101,144,253,33,35,35,113,218,94,55,168,225,23,215,4,100,143,92,73,163,11,19,35,175,216,224,77,223,123,188,236,11,61,59,147,213,245,5,49,240,84,22,62,182,154,66,129,134,101,63,155,18,59,216,253,204,11,215,82,3,58,243,120,116,153,234,89,194,175,3,49,61,19,196,189,33,227,92,79,125,153,102,49,50,113,166,14,10,82,254,114,203,137,150,105,251,255,20,215,7,0,104,226,25,58,167,170,201,90,110,92,243,176,39,43,38,24,24,80,241,42,177,165,34,115,126,113,216,35,6,89,103,54,168,162,60,232,163,84,41,199,114,46,70,58,141,47,147,73,119,26,2,78,178,179,155,197,249,195,168,74,110,10,91,189,147,195,80,24,205,33,30,202,249,142,243,151,152,135,199,2,194,38,120,8,82,23,173,145,224,61,104,224,145,96,42,183,108,91,31,96,67,156,211,60,213,138,144,169,136,186,119,117,98,213,172,222,69,130,147,204,61,68,66,84,151,3,92,204,204,148,227,103,211,49,115,87,21,114,156,149,78,71,130,175,77,200,12,227,74,214,24,201,212,77,72,135,134,39,33,164,248,197,238,106,54,16,103,142,81,164,215,77,4,156,243,231,188,216,112,141,220,197,169,63,106,174,24,251,142,95,183,178,196,94,55,73,213,206,105,237,222,203,195,155,54,241,110,6,137,120,162,212,158,77,2,42,34,246,34,205,117,247,71,88,109,104,8,86,125,97,135,199,112,116,31,60,93,140,118,30,99,11,92,201,53,168,212,172,165,72,169,243,132,218,230,110,48,226,224,25,231,91,161,6,187,26,180,204,151,207,46,86,22,228,185,128,206,76,131,72,178,186,229,61,160,50,36,49,73,105,55,130,178,225,213,179,137,71,17,38,38,102,192,67,20,226,181,54,183,127,17,28,152,234,190,204,206,125,127,108,237,69,175,34,67,5,83,188,245,230,142,226,73,239,73,190,161,149,23,75,224,147,92,195,166,42,124,105,106,198,82,158,251,66,63,9,71,181,185,96,238,175,215,243,95,160,133,250,95,108,155,180,44,244,15,195,191,170,212,142,186,83,15,126,117,221,45,245,102,178,137,71,192,16,250,249,205,227,24,136,222,193,45,46,60,154,197,108,32,132,125,192,3,44,238,224,65,188,155,103,115,14,254,197,14,152,107,105,35,187,6,104,247,202,63,213,49,23,67,9,140,72,76,13,93,58,222,40,173,141,135,160,56,251,218,44,49,53,20,197,30,128,78,215,1,167,216,176,125,127,234,97,110,70,146,107,227,3,136,248,77,101,138,109,247,177,240,52,80,36,52,230,116,124,231,52,89,250,60,192,227,159,85,254,80,214,202,147,33,104,140,24,66,176,51,149,31,104,171,25,12,125,86,48,8,120,75,64,62,202,39,6,8,253,180,249,247,119,39,255,147,200,183,47,54,48,45,171,0,9,131,141,176,136,241,54,79,52,124,193,182,10,129,180,50,72,203,74,8,128,25,171,177,242,114,44,223,148,144,129,242,99,72,133,43,2,190,4,134,3,33,249,179,82,111,29,118,150,170,66,168,56,198,199,131,226,199,135,61,178,232,59,19,154,95,96,224,175,45,55,221,241,132,117,254,137,17,225,102,185,194,0,218,28,83,61,69,220,218,187,250,186,251,47,143,91,9,226,253,86,157,128,231,250,92,53,96,233,33,142,101,188,0,212,202,248,153,129,145,85,174,84,59,125,161,137,69,57,140,250,67,20,25,204,184,53,164,237,157,103,117,96,188,227,241,22,184,243,180,83,111,192,144,254,147,188,116,161,199,149,31,221,47,192,155,145,26,170,15,56,49,63,14,160,148,180,121,191,238,35,173,80,254,178,48,97,181,25,93,248,131,120,56,116,98,198,167,249,14,128,80,176,28,82,212,106,100,248,176,67,254,223,35,221,157,81,220,37,220,25,84,109,158,192,211,121,83,225,176,235,43,101,186,203,225,132,18,253,137,183,38,235,112,84,203,126,178,27,250,100,223,229,211,26,101,8,29,128,20,229,63,4,127,163,67,195,129,2,147,128,251,3,230,247,37,224,116,110,139,76,185,241,55,83,66,145,168,247,141,95,237,253,23,188,224,178,199,93,94,35,80,192,184,242,254,72,0,153,59,220,39,2,201,254,50,195,171,171,248,3,75,239,6,193,189,152,27,197,62,220,141,17,119,143,168,162,57,156,183,168,172,223,75,31,136,96,111,193,183,15,139,235,149,153,104,68,106,7,90,10,113,10,103,179,75,180,136,216,108,235,12,79,4,98,191,3,120,86,222,236,88,255,226,41,28,13,178,72,165,28,157,105,218,203,183,152,211,129,196,151,149,161,190,163,187,63,205,146,97,152,181,177,66,200,16,176,113,105,199,105,149,184,32,163,99,20,61,33,48,114,64,152,56,115,79,101,90,132,70,91,24,136,245,118,163,17,39,80,132,22,173,27,217,79,90,249,15,89,231,90,220,201,239,118,160,155,70,75,212,209,227,0,195,6,142,143,227,207,69,164,43,172,89,112,130,109,152,246,18,221,80,252,82,110,169,39,30,123,215,143,144,222,147,181,67,246,161,61,50,180,158,253,173,154,253,61,176,199,148,221,118,206,61,125,209,152,167,192,215,200,66,92,35,90,5,155,109,163,133,160,38,248,251,57,70,0,201,248,110,175,254,58,37,31,145,234,171,140,249,66,69,151,81,250,117,76,30,132,171,36,99,109,112,234,72,253,226,192,119,177,139,109,88,152,151,76,59,20,124,12,141,229,240,148,220,102,166,233,122,63,119,45,246,203,191,249,43,233,177,6,206,213,37,230,24,209,4,125,104,241,97,138,23,174,92,224,87,133,131,166,77,191,29,13,141,148,205,63,42,94,246,239,101,76,150,87,73,59,159,87,184,141,24,188,34,119,237,118,141,68,107,66,79,133,165,35,7,85,125,90,61,20,134,114,199,218,243,220,69,28,182,200,246,33,101,48,173,109,197,192,247,215,19,123,17,51,243,211,116,12,122,165,235,31,42,31,186,228,145,244,215,109,200,238,71,248,204,129,195,152,159,60,68,127,210,143,91,10,140,176,215,90,253,100,49,43,19,101,136,204,101,141,212,92,236,9,32,243,14,220,213,94,162,171,185,249,112,242,192,110,150,233,31,251,23,224,200,220,255,114,217,11,24,235,139,190,176,251,19,110,159,163,97,54,37,18,214,93,40,82,239,199,52,60,133,244,7,73,228,211,38,76,21,61,189,43,17,52,166,59,136,102,188,10,176,151,147,144,208,213,184,156,239,30,199,55,133,240,56,166,61,19,175,44,156,223,64,228,125,146,70,155,152,250,243,48,63,78,135,33,38,3,77,149,210,57,71,252,172,214,87,26,84,165,2,232,184,83,175,14,141,224,158,128,199,155,238,222,143,252,218,223,33,140,244,83,114,11,146,62,39,200,222,229,87,136,50,96,155,34,195,2,70,142,142,231,150,160,36,148,230,248,235,110,96,194,9,185,232,29,11,172,7,173,79,192,106,212,23,0,248,172,193,164,71,96,255,211,207,128,25,67,59,78,250,116,169,8,2,183,7,226,94,51,21,231,177,115,60,169,152,41,149,137,246,72,247,204,222,21,234,209,146,137,251,114,253,202,24,243,126,51,43,135,231,235,4,233,15,245,40,203,223,3,74,141,138,29,117,236,129,85,147,185,172,14,161,22,25,98,216,202,211,100,57,19,33,201,18,214,99,234,181,231,150,140,6,55,128,145,54,226,9,13,254,152,108,117,235,137,210,79,159,37,5,183,174,226,151,227,37,88,33,29,177,226,193,13,206,46,208,230,47,106,159,204,78,216,8,140,53,107,146,90,30,172,13,75,97,231,193,165,216,115,14,117,45,85,74,206,79,59,33,135,217,142,93,94,236,55,164,122,77,69,254,98,249,136,142,148,149,195,239,179,23,7,23,56,187,203,156,243,179,48,113,128,235,209,42,250,5,87,25,128,2,207,239,78,71,59,8,194,102,141,96,223,55,144,204,211,43,9,9,141,191,10,191,159,197,11,143,62,233,135,145,76,141,70,4,28,156,126,183,43,241,184,170,76,72,242,123,138,236,242,140,1,97,238,160,249,169,189,78,59,2,59,107,158,248,219,254,181,111,2,179,233,43,47,248,147,17,191,187,101,103,82,254,61,114,235,72,251,149,85,219,64,130,154,152,163,67,195,129,2,207,128,251,3,231,162,107,88,158,27,254,122,167,198,125,225,199,230,236,47,112,213,32,210,242,202,126,223,38,62,161,45,75,187,44,122,150,169,140,9,116,102,29,47,0,147,157,185,206,87,63,134,148,210,38,180,173,191,210,150,168,176,82,33,102,173,129,73,45,20,27,206,180,172,28,131,178,136,161,125,19,118,92,222,208,249,150,196,40,152,252,187,119,108,240,54,179,203,237,150,14,141,197,193,83,215,0,216,68,206,91,224,195,91,40,187,50,53,203,78,65,234,46,46,211,159,128,135,84,16,37,60,7,107,160,1,134,197,90,110,96,212,231,39,171,169,48,232,28,251,190,182,39,83,60,189,102,217,91,42,214,5,198,213,107,97,27,77,252,159,126,166,252,92,237,232,16,160,33,122,220,176,217,137,192,65,122,215,5,204,213,217,202,31,192,48,154,191,243,41,201,15,146,138,233,135,174,55,16,3,113,87,125,108,245,174,219,174,178,138,123,191,162,170,104,158,55,35,56,251,25,224,211,0,197,115,213,249,126,61,3,8,57,165,15,7,12,78,71,236,56,250,103,13,128,4,128,69,76,147,161,221,29,218,98,54,30,245,227,198,144,157,144,220,232,188,125,53,207,234,71,63,10,220,143,24,34,3,145,61,150,116,19,148,243,61,204,62,203,154,234,0,11,106,126,54,53,50,77,179,66,252,147,1,141,160,188,126,83,80,200,19,155,229,168,22,143,19,115,30,98,247,69,255,133,204,78,87,120,243,36,208,89,117,10,137,37,118,135,62,88,238,61,216,224,223,243,211,192,120,239,61,111,153,20,82,46,196,67,112,5,208,199,184,34,147,98,136,238,142,185,9,14,159,214,25,104,235,93,169,54,97,82,60,159,145,14,20,132,6,158,136,207,145,128,61,70,57,41,127,242,102,19,238,250,251,35,95,13,80,221,88,150,96,97,124,127,26,26,1,33,140,6,148,15,240,212,39,234,134,51,28,11,199,68,3,100,48,239,104,8,16,35,27,241,165,38,109,135,148,210,164,143,153,233,47,206,236,131,242,203,193,209,218,245,159,104,140,154,45,245,188,202,84,161,59,255,138,116,214,209,59,234,223,129,237,152,176,18,69,254,102,103,225,105,130,101,69,221,104,229,174,164,118,244,180,198,111,183,69,71,198,99,80,69,10,98,61,85,212,71,45,162,241,131,104,200,105,71,141,125,203,230,56,217,113,79,152,14,89,27,37,110,17,44,0,34,203,19,125,171,18,149,59,194,252,253,5,134,219,2,203,118,253,131,191,191,154,255,66,135,189,187,132,2,12,207,102,144,149,197,197,250,245,37,251,165,115,35,67,29,37,163,18,140,224,91,227,2,69,106,159,126,149,223,183,139,211,84,118,226,212,171,202,178,95,96,52,69,138,151,83,161,202,144,22,211,235,76,247,219,154,231,162,66,226,87,240,97,167,211,105,226,33,19,78,155,226,105,244,94,112,97,173,81,56,14,164,34,250,22,246,12,253,164,37,64,136,45,196,197,165,145,35,24,24,15,255,183,129,68,219,160,151,23,218,169,196,91,26,185,188,129,1,6,130,144,197,233,164,221,167,42,0,170,75,124,202,97,119,159,152,109,140,23,183,187,209,191,83,117,245,10,190,221,121,136,183,1,206,142,54,165,124,184,30,147,244,191,174,43,200,81,114,63,152,13,99,213,74,47,121,217,176,179,85,98,245,229,112,180,171,138,118,173,89,92,133,220,144,138,227,150,49,169,45,207,140,157,54,41,228,128,201,71,8,174,158,198,204,67,202,3,27,255,124,207,17,0,249,250,199,148,121,102,230,106,150,243,63,84,162,38,220,160,208,208,94,107,164,65,236,6,201,242,91,16,68,173,46,109,82,178,166,47,208,57,59,213,121,213,94,77,139,100,44,57,12,9,238,131,28,241,97,162,17,253,30,102,245,193,247,195,104,88,244,154,217,14,207,224,61,97,187,241,208,30,228,170,231,48,254,221,134,232,108,197,142,30,77,208,245,68,220,167,84,50,34,221,83,93,144,234,139,15,120,41,123,90,89,141,188,138,6,112,33,59,41,200,77,225,7,106,255,227,28,149,178,122,226,175,4,123,2,97,94,253,214,177,130,233,32,187,249,132,186,174,114,250,43,166,163,67,195,129,3,11,128,251,3,231,52,6,5,64,100,143,14,228,57,214,219,135,183,188,102,88,154,114,238,25,161,104,56,227,77,19,223,245,244,95,184,2,91,82,247,112,214,128,243,93,126,203,180,67,197,20,223,140,63,37,41,19,43,251,126,84,117,228,152,12,112,66,49,242,182,42,149,6,177,172,178,57,148,82,149,71,52,225,121,249,190,70,183,245,203,188,52,26,235,151,72,200,114,233,126,243,44,135,254,191,93,136,122,160,170,225,37,187,133,67,41,98,13,137,114,143,91,201,136,164,121,7,7,162,219,92,44,32,165,54,60,151,62,106,229,232,13,48,237,103,112,189,217,99,152,71,218,5,205,93,189,251,149,41,10,129,0,187,82,19,133,94,38,201,161,151,102,222,151,137,41,19,143,133,253,160,252,77,236,167,186,80,136,186,9,104,161,145,234,93,20,64,104,23,210,150,106,212,7,76,53,77,204,236,248,175,229,211,8,148,15,93,97,88,26,138,23,69,109,189,34,77,163,212,43,165,140,181,98,204,209,97,154,20,25,18,83,251,17,4,10,7,136,255,41,235,128,197,223,166,176,239,214,11,48,200,203,191,14,101,167,92,224,66,106,103,39,200,127,215,207,25,218,48,147,5,68,164,255,244,212,11,118,221,132,130,41,83,107,255,111,125,213,99,86,161,30,37,233,170,102,20,8,202,248,43,241,199,218,103,148,141,121,36,49,168,5,156,229,116,230,180,136,195,187,172,80,197,174,196,203,135,80,248,111,97,246,47,149,74,85,99,33,199,188,251,83,154,219,95,188,73,133,234,17,48,138,145,180,23,228,115,85,130,28,250,134,7,117,29,122,59,105,178,6,149,205,90,118,153,209,163,201,215,110,143,60,74,153,18,17,166,230,175,81,89,128,2,101,200,95,66,75,77,95,172,214,86,215,200,100,252,247,162,1,91,245,83,81,178,149,18,25,234,17,92,142,37,123,215,203,235,211,172,55,86,99,88,115,239,182,242,232,153,165,135,229,159,98,70,229,166,206,207,12,144,128,105,39,199,227,124,183,164,76,188,30,254,74,16,7,125,17,127,14,124,249,181,21,126,57,70,129,73,126,220,74,96,21,245,252,147,83,51,51,94,30,84,106,74,57,245,93,38,14,243,56,104,80,105,99,68,52,178,116,81,3,96,48,146,7,28,113,14,255,206,61,73,175,214,121,237,205,201,61,203,58,59,25,130,77,242,246,196,184,37,18,178,182,78,150,177,79,103,178,154,164,113,155,113,209,179,61,234,128,34,196,243,239,50,181,201,82,65,182,252,99,54,14,179,22,182,57,178,99,135,168,249,115,109,214,162,120,128,162,9,114,50,184,38,123,82,66,204,139,53,62,68,175,0,114,187,41,88,121,73,17,64,219,27,211,26,203,234,89,118,182,14,119,205,236,54,146,240,177,61,157,229,108,202,228,202,199,187,217,103,50,58,16,9,98,156,222,64,245,143,136,100,88,7,40,27,46,248,240,45,254,118,20,145,5,74,183,98,165,234,80,250,45,156,11,12,226,194,180,67,254,172,122,190,93,136,26,187,20,100,193,193,32,75,43,213,123,107,183,244,24,223,91,109,80,37,34,206,98,188,231,66,58,37,199,15,121,34,207,47,200,132,238,63,79,82,153,107,219,90,54,66,239,117,238,13,173,93,79,155,254,97,220,7,6,31,189,91,145,42,134,139,145,14,143,244,165,108,244,202,135,174,204,17,115,119,94,95,151,181,7,91,101,199,74,244,187,24,44,98,190,253,1,150,97,14,213,229,22,145,155,195,98,202,155,178,69,117,28,34,61,38,232,140,234,207,93,19,176,66,183,177,187,167,124,12,120,77,139,134,54,105,38,234,161,58,65,149,17,211,11,1,147,223,155,101,52,172,235,237,101,213,153,110,6,80,214,157,78,151,86,79,44,71,184,8,42,144,183,31,220,85,94,53,163,127,185,167,104,180,120,45,77,35,88,237,155,78,39,249,206,46,43,10,3,197,244,21,23,12,239,115,151,44,68,21,226,39,172,51,56,112,113,28,252,105,14,15,26,68,184,217,32,3,131,59,129,2,72,230,202,180,215,114,232,203,230,96,205,50,225,128,87,189,78,198,115,98,55,143,86,229,105,23,112,249,88,150,237,155,163,67,195,129,3,71,128,251,3,229,99,72,138,50,203,32,255,99,193,88,118,13,91,66,143,11,223,58,122,134,99,117,79,120,156,177,146,246,226,199,38,67,151,63,56,144,115,67,37,34,90,185,100,2,169,140,21,153,29,2,184,217,177,214,186,253,146,60,226,73,32,181,7,22,65,239,133,242,152,44,206,233,92,25,182,172,43,188,0,240,16,219,62,102,54,45,45,152,168,154,82,146,30,3,136,25,209,222,88,7,62,15,77,234,191,178,49,74,195,187,216,11,198,10,183,184,63,179,40,131,219,187,47,62,121,110,135,236,223,73,225,211,173,144,238,159,26,50,203,17,198,141,51,235,192,134,65,4,105,4,197,152,245,22,231,26,254,240,78,143,160,213,92,247,61,10,231,226,124,189,90,2,193,236,62,35,132,11,45,159,57,221,210,50,122,148,123,43,101,211,53,9,238,80,179,129,118,159,183,84,31,213,233,199,255,102,246,140,219,87,148,210,89,79,148,154,253,242,123,166,105,3,117,116,193,96,72,176,169,19,21,132,64,249,49,96,211,181,238,156,244,239,149,114,70,50,178,72,210,25,56,123,63,54,196,139,255,74,14,121,46,93,130,115,116,104,195,207,184,151,82,131,10,154,238,244,149,96,8,192,155,187,211,135,126,77,175,17,201,241,125,128,215,45,185,24,152,5,239,85,123,84,247,148,97,100,183,166,208,49,149,194,131,225,123,203,229,154,255,203,227,25,184,22,43,142,40,213,60,125,10,53,91,101,33,154,134,99,237,173,246,53,230,245,186,146,164,11,150,246,180,90,210,230,0,203,180,40,244,101,176,240,7,200,61,4,163,10,213,25,66,140,180,157,157,44,72,243,50,94,30,99,205,138,50,249,203,113,40,123,169,36,235,31,61,104,162,168,255,94,27,171,124,158,174,124,181,208,174,136,124,160,24,193,71,227,27,166,87,65,13,111,12,71,170,107,64,8,62,27,204,223,55,232,107,134,100,146,128,116,144,7,244,67,232,149,241,223,16,167,193,14,74,110,190,182,228,188,194,141,44,12,191,124,218,131,13,220,63,89,254,11,152,164,136,221,54,143,189,149,165,149,148,99,55,75,25,250,20,137,253,76,208,123,27,98,115,220,34,43,157,165,96,156,41,39,62,80,145,95,99,200,154,75,190,26,182,145,123,140,25,3,145,64,91,178,225,244,245,196,13,95,7,72,248,171,136,219,159,255,129,116,89,248,132,8,4,85,254,158,125,58,19,80,160,69,95,157,46,81,4,97,51,41,132,106,9,117,242,68,45,20,250,204,219,233,140,64,240,37,239,136,178,220,88,58,200,38,93,175,30,242,137,173,15,144,167,110,13,185,158,123,2,225,227,7,19,26,177,247,255,148,164,252,1,180,75,75,46,168,145,139,142,113,158,14,214,137,162,11,217,236,239,195,224,85,11,230,191,22,4,57,110,85,8,56,237,100,215,26,70,206,92,166,133,179,109,120,218,229,241,78,26,18,247,159,107,250,183,199,110,40,56,185,200,54,161,104,254,36,11,119,78,2,125,227,196,103,117,6,73,253,42,163,247,211,30,102,30,145,98,173,81,109,53,56,2,157,8,200,107,72,6,126,4,253,229,143,40,100,207,151,216,101,224,165,53,102,8,36,112,169,205,130,219,122,203,199,129,145,224,33,75,29,151,169,108,213,3,210,208,187,80,83,115,2,195,182,151,137,238,43,103,121,23,168,53,186,238,113,82,63,186,171,197,25,109,114,100,71,150,173,128,196,110,23,248,249,211,37,180,213,56,220,9,194,40,147,112,169,4,130,186,121,130,219,155,195,130,248,59,75,18,162,153,159,205,183,52,60,130,127,217,145,184,231,210,88,18,52,181,58,146,167,62,74,176,77,31,30,148,137,116,208,242,212,188,58,232,76,139,48,52,131,149,159,64,185,47,57,206,176,155,118,142,116,184,243,54,114,186,228,184,226,175,236,121,188,125,158,114,23,130,134,198,186,125,205,183,49,120,106,130,68,49,28,42,148,42,148,60,69,161,53,97,52,37,47,62,231,122,222,107,230,155,118,198,185,241,50,19,49,82,231,79,156,83,157,217,109,163,238,82,62,73,168,111,138,166,242,59,250,201,192,155,166,5,122,194,31,108,129,169,136,237,137,163,67,195,129,3,132,128,251,3,187,75,143,170,109,142,164,46,238,109,121,209,151,55,45,43,196,251,209,82,247,113,216,67,147,70,125,205,232,160,8,77,43,137,249,63,174,219,139,34,8,94,35,19,83,56,208,172,176,45,255,161,131,35,153,193,201,233,110,172,194,70,112,203,119,53,157,219,123,108,115,172,37,165,40,101,151,63,56,169,153,228,246,234,35,35,230,159,92,154,141,123,145,138,37,152,66,161,217,105,65,184,62,141,216,193,91,243,116,198,67,111,191,235,22,97,174,208,4,231,122,179,98,43,51,153,180,117,51,71,58,31,50,118,4,202,21,114,218,222,221,212,153,32,93,223,238,96,190,119,47,72,194,224,160,218,132,228,157,81,113,189,54,8,171,143,2,20,149,205,236,25,74,209,182,145,26,6,25,233,79,7,130,181,167,3,150,242,88,21,183,255,19,21,229,130,43,108,140,201,205,6,240,100,176,172,167,162,18,229,140,168,185,120,230,59,22,181,236,164,68,217,252,77,233,77,81,165,45,223,174,85,170,250,91,86,97,188,202,242,169,76,37,59,177,208,227,225,39,242,188,109,162,57,79,63,119,101,64,101,113,152,159,213,167,232,252,35,139,66,135,84,79,182,42,166,194,243,247,122,81,4,137,76,23,212,235,179,168,247,28,220,205,100,219,139,148,128,80,179,168,91,143,240,22,194,185,227,188,54,251,19,126,110,157,159,224,82,162,234,126,252,43,47,74,44,145,89,3,50,232,178,80,194,22,172,160,233,30,176,73,188,227,110,17,63,67,194,24,241,48,95,76,13,198,237,121,156,59,64,15,186,38,158,6,84,67,111,5,163,157,4,72,225,227,204,210,0,124,236,3,41,110,181,154,51,21,143,74,4,99,173,222,2,17,121,76,35,100,75,40,105,21,105,146,132,20,64,12,181,47,10,142,153,213,179,55,8,44,201,168,90,94,179,108,29,36,59,12,114,243,125,45,65,105,128,138,28,221,207,246,30,165,171,120,184,44,85,190,62,28,149,105,238,113,135,114,128,27,157,138,106,191,81,245,251,143,226,242,4,73,245,247,105,67,219,45,238,190,5,6,120,55,47,238,168,39,0,133,110,165,119,78,4,165,55,8,97,122,168,146,4,16,12,67,49,107,78,172,220,146,24,49,138,61,235,129,218,86,131,81,66,231,48,202,140,117,41,221,143,201,11,129,42,60,46,117,171,78,189,37,153,139,124,71,215,146,54,170,105,49,4,168,167,245,253,116,20,73,20,219,173,93,128,120,56,163,178,84,179,239,12,98,226,227,162,141,116,9,70,22,146,176,66,130,42,148,156,110,65,139,60,251,217,197,17,144,154,140,82,180,10,176,158,209,155,116,175,193,47,126,30,19,242,173,121,84,76,162,160,175,144,51,22,71,123,135,3,5,207,55,25,155,200,207,234,148,127,230,181,51,99,89,115,65,77,212,245,204,155,248,247,67,152,76,209,37,171,223,89,121,22,244,127,165,133,247,8,137,205,242,205,182,238,34,167,65,141,205,26,212,109,136,157,168,193,82,14,149,14,106,152,122,99,185,110,240,250,187,3,218,18,225,254,184,112,11,28,121,122,120,122,13,54,171,96,250,58,127,246,99,69,144,80,19,112,124,204,191,154,47,154,184,190,104,34,224,148,180,111,112,90,43,166,122,217,186,253,198,178,246,137,153,4,56,177,147,238,60,82,49,26,100,172,130,83,149,27,64,107,39,171,110,149,223,141,236,40,163,38,233,53,185,129,38,205,186,222,156,225,169,102,179,141,219,48,29,207,113,165,114,86,211,167,114,246,70,4,39,95,107,6,210,93,33,147,42,112,7,92,19,19,150,160,122,211,171,122,252,116,233,33,131,159,243,228,110,26,190,92,83,153,143,170,12,179,106,79,30,174,80,48,226,70,6,157,189,206,147,162,243,155,189,197,70,246,43,175,104,142,210,59,197,197,141,167,27,154,112,150,27,244,185,140,26,180,108,49,185,18,78,124,127,140,85,223,251,177,127,192,41,236,214,84,37,138,201,159,80,176,151,154,44,14,131,218,115,111,19,254,116,112,212,251,190,200,94,61,63,15,216,141,58,231,127,22,183,254,237,192,224,237,104,4,244,115,179,66,19,115,112,173,209,6,217,76,124,163,67,195,129,3,192,128,251,3,230,233,250,236,200,34,56,34,184,122,29,88,53,58,57,82,13,177,111,243,11,116,184,124,26,164,61,142,121,34,86,175,91,253,162,24,170,178,223,145,131,93,96,47,203,51,207,226,174,142,14,52,191,100,233,193,195,106,197,174,189,181,220,30,171,152,160,196,29,223,175,158,43,254,9,124,110,74,218,8,172,119,123,68,135,195,20,111,113,29,240,117,127,254,107,21,157,60,197,116,146,83,126,51,239,198,22,189,139,7,78,109,23,138,239,80,206,39,12,122,204,39,71,125,96,6,35,80,114,116,19,164,216,197,213,221,52,32,0,250,96,39,102,27,61,122,174,163,6,70,172,124,233,184,224,242,123,130,155,64,56,81,45,196,9,141,133,4,172,225,15,90,9,80,92,141,20,76,212,13,22,83,121,74,141,108,164,215,32,141,123,135,115,58,13,109,208,195,158,54,145,93,215,154,81,239,73,65,193,35,97,75,72,188,141,138,72,123,242,173,246,193,32,110,57,196,114,14,80,97,176,206,179,25,138,10,167,171,230,33,194,152,35,155,118,108,36,102,235,13,91,242,219,155,199,192,156,205,72,209,143,168,88,166,119,176,45,97,147,219,66,211,22,167,242,116,152,181,55,189,14,169,157,128,236,174,42,42,22,133,61,1,109,131,110,182,201,247,193,42,105,255,113,94,234,98,201,121,75,84,110,3,79,216,26,146,220,21,123,229,216,150,10,50,58,233,63,42,208,197,39,173,84,180,245,127,184,80,18,175,220,181,222,19,184,19,211,222,254,255,193,69,100,100,233,83,223,195,126,103,209,232,77,193,211,41,219,86,117,129,138,76,229,213,29,237,246,48,154,35,136,195,240,46,202,247,239,201,39,187,61,149,182,141,136,40,138,0,239,243,157,157,2,70,95,102,128,15,252,221,35,149,46,205,167,229,120,41,243,28,77,132,84,250,55,59,143,5,220,202,26,12,206,235,155,173,174,213,205,59,24,240,146,36,44,252,74,18,52,124,131,242,219,128,229,18,76,219,180,125,184,167,52,160,194,2,214,227,30,107,214,20,14,252,36,210,21,42,48,140,253,140,31,156,131,203,148,159,59,137,23,164,58,46,206,114,102,237,163,173,239,120,171,132,137,231,112,211,156,62,152,166,138,68,180,172,70,56,45,112,60,171,173,5,149,130,39,108,103,24,103,250,63,6,135,146,106,49,101,6,31,216,219,165,5,167,45,142,244,95,102,181,172,21,24,254,131,97,167,137,81,222,233,57,14,195,204,217,154,186,223,35,127,231,112,236,113,2,233,190,90,62,150,215,60,7,164,228,130,179,235,72,187,165,245,176,139,245,141,191,193,163,216,100,68,9,221,251,128,128,124,251,226,111,196,8,197,186,87,104,70,202,99,25,191,23,67,133,3,109,206,5,76,63,27,2,219,125,230,232,114,62,149,134,88,55,205,125,42,190,77,197,80,190,196,249,171,185,107,94,168,129,86,177,40,47,138,52,150,4,162,234,210,226,197,193,128,73,90,24,78,151,5,12,250,243,143,138,19,107,25,42,211,226,60,56,140,85,127,69,75,165,132,232,204,196,101,82,158,83,215,86,2,234,159,109,99,125,88,78,187,63,146,4,112,53,105,181,249,241,225,163,41,132,43,186,57,83,190,244,6,44,147,172,78,144,175,211,166,101,241,69,58,176,42,164,110,31,208,32,1,14,152,210,209,137,56,83,119,225,219,255,206,195,79,121,132,213,65,222,247,83,169,69,70,98,74,87,247,152,239,252,182,138,26,75,86,233,88,94,29,32,170,209,123,246,131,153,118,41,20,165,47,74,51,28,109,96,244,144,49,117,191,141,51,55,5,1,236,110,179,242,239,76,79,210,77,187,103,45,140,222,109,165,98,176,83,57,183,132,34,51,179,44,171,155,246,184,170,114,151,255,67,243,228,81,232,32,24,96,245,91,139,247,112,102,246,220,196,202,90,174,97,207,239,44,113,201,243,101,71,183,168,93,94,98,103,218,190,198,209,222,183,162,28,154,17,53,86,155,34,208,87,161,160,241,139,0,91,244,133,193,46,191,33,204,240,173,215,177,217,144,177,117,161,137,178,95,14,27,209,129,166,63,110,39,68,255,221,237,126,221,147,81,19,43,141,163,67,195,129,3,251,128,251,3,229,134,8,205,225,197,20,27,196,53,173,179,207,195,53,217,241,21,106,174,214,172,98,255,199,155,50,167,8,27,171,12,157,0,219,238,78,60,17,207,61,171,6,119,65,197,47,19,9,118,143,69,53,238,50,122,181,166,119,218,13,116,163,2,94,232,73,14,208,141,197,120,114,16,17,164,241,253,0,85,23,182,52,184,25,252,40,192,179,144,131,132,63,145,18,79,236,54,192,224,202,12,61,233,113,95,63,14,77,14,53,51,72,144,180,237,29,6,131,183,126,72,41,199,14,183,228,42,100,121,155,255,162,129,0,175,174,190,148,99,177,184,103,231,238,251,164,204,130,25,88,18,66,65,12,32,252,249,88,243,117,83,71,149,201,84,175,103,241,18,148,3,13,161,179,240,143,37,134,170,200,179,7,66,59,193,193,94,241,56,178,80,12,138,91,102,20,118,183,147,255,46,230,240,227,117,245,108,148,204,172,27,123,81,13,212,30,115,134,120,163,103,249,32,4,103,245,132,207,231,153,103,174,202,32,33,33,2,92,21,231,84,93,36,170,193,96,148,62,10,173,214,14,53,150,132,203,12,237,242,193,254,198,10,105,191,217,154,71,195,29,211,87,206,136,255,235,52,16,22,71,152,129,215,229,198,70,0,7,49,3,77,152,218,37,225,161,157,93,70,244,121,148,44,50,131,214,111,135,90,189,50,110,59,155,85,228,122,149,229,109,33,6,157,180,249,135,253,244,12,150,223,137,119,28,76,92,67,184,235,56,143,147,164,53,73,23,81,94,230,119,161,93,73,76,74,87,55,67,74,49,37,133,19,64,217,243,234,25,9,130,201,157,31,92,94,81,171,223,193,68,153,130,96,251,82,60,57,125,155,244,225,155,247,223,94,20,11,251,82,220,78,91,9,144,9,6,24,29,182,47,5,216,102,227,139,141,187,43,13,213,181,209,41,189,186,54,4,177,147,229,157,154,51,205,182,126,110,229,235,223,44,22,125,106,224,184,83,108,183,181,66,148,33,86,85,62,135,171,23,169,200,247,116,193,193,55,158,253,128,127,115,62,32,109,0,191,132,35,67,83,148,190,183,173,137,185,117,119,146,123,249,22,128,247,102,89,107,194,193,48,225,217,52,192,164,145,77,171,47,120,201,71,112,223,2,97,72,212,134,150,4,131,199,200,50,226,82,195,200,83,98,33,174,193,196,13,72,41,229,174,111,32,211,233,97,36,182,41,195,237,108,202,146,157,132,177,178,162,106,141,187,43,63,34,152,54,149,111,46,26,242,96,201,187,75,177,210,12,226,178,175,33,55,27,57,62,195,168,119,193,59,189,107,45,125,152,6,143,118,213,139,47,45,102,161,0,236,226,59,96,14,98,41,110,19,89,167,174,152,215,200,218,154,165,104,168,176,130,129,43,48,104,119,151,245,242,127,56,247,188,137,45,32,106,174,182,90,154,110,74,177,48,163,9,236,10,147,151,7,185,73,194,242,11,154,95,249,149,47,211,128,2,135,49,120,16,4,63,66,27,71,200,59,114,240,59,199,139,190,230,172,63,46,28,6,13,186,157,30,202,214,85,35,213,171,106,6,132,185,88,142,22,67,97,165,101,45,17,157,238,155,139,222,181,85,135,134,212,75,118,11,79,87,230,114,67,236,54,153,67,30,173,16,41,92,178,185,178,93,33,61,215,163,204,204,61,30,153,47,121,60,151,227,229,181,167,73,50,250,255,54,214,32,200,152,149,111,105,136,8,228,55,56,180,196,5,231,7,95,160,96,205,84,137,97,186,48,74,39,71,223,71,91,146,15,43,96,181,125,98,2,199,94,236,220,74,95,149,188,166,117,83,252,44,29,83,28,41,227,156,38,191,47,245,231,164,152,103,235,9,56,93,55,30,209,215,17,241,146,242,27,46,23,158,90,104,178,238,28,104,171,74,209,231,12,241,3,102,161,185,130,81,127,128,150,230,87,52,64,74,148,190,131,18,120,216,216,180,63,1,214,50,62,24,126,12,197,240,27,179,123,25,115,116,160,72,220,184,238,160,155,39,226,31,128,53,88,209,100,232,51,132,17,218,167,2,177,149,244,99,223,252,199,157,71,120,169,193,126,219,1,206,202,178,61,109,51,1,87,157,74,5,236,127,0,147,163,67,195,129,4,55,128,251,3,49,5,74,172,27,10,139,223,67,42,98,188,21,168,58,199,129,42,90,217,205,117,3,120,171,82,143,240,169,92,197,114,169,243,42,251,75,108,14,36,74,195,249,191,67,198,149,216,44,165,234,101,242,130,145,222,68,121,34,21,128,138,251,199,250,3,55,231,246,21,234,182,99,172,192,151,210,82,31,39,85,114,147,208,75,216,30,84,85,92,43,101,198,218,189,81,170,253,12,189,163,52,252,3,183,226,6,209,175,111,178,92,72,248,119,63,33,176,11,63,146,0,17,181,70,79,204,56,126,251,7,39,171,147,38,210,254,188,223,166,238,80,86,123,131,243,82,152,92,254,60,174,94,150,64,23,25,197,60,102,18,83,39,221,172,133,36,68,132,242,204,41,116,229,23,187,212,253,124,161,206,213,252,81,37,180,240,140,68,135,235,113,255,132,67,184,186,200,105,156,169,123,17,57,79,204,11,60,117,210,188,107,93,185,4,14,198,5,167,201,249,177,147,74,0,31,64,48,7,227,24,171,208,55,218,195,35,124,33,6,57,25,236,233,203,82,142,109,98,61,142,147,249,187,141,49,71,48,233,57,138,118,104,125,124,171,43,250,85,209,96,98,144,15,79,74,2,193,220,175,162,221,221,99,133,185,132,207,233,201,242,158,250,201,21,169,53,244,156,246,232,208,4,77,176,9,126,91,210,104,214,128,88,161,240,101,48,15,182,46,76,133,242,241,35,225,224,200,216,29,161,11,181,79,17,14,153,105,210,151,23,209,64,216,182,129,9,104,150,31,66,28,169,80,83,208,62,97,12,53,137,140,152,40,13,170,208,132,246,132,111,78,151,93,74,110,155,83,177,89,26,244,148,156,91,77,206,189,232,100,63,197,33,37,142,5,11,239,235,62,45,94,90,123,177,3,11,15,106,242,172,164,91,71,111,182,127,234,200,178,32,187,182,175,50,7,10,191,24,238,137,50,156,88,214,152,129,243,137,255,184,13,1,143,179,139,70,81,116,137,173,89,79,248,98,31,69,23,157,246,182,37,40,227,143,29,197,153,190,52,142,156,13,127,185,171,57,243,201,91,174,219,14,87,80,19,157,18,79,235,210,53,227,180,187,30,78,31,11,230,222,85,202,243,67,86,41,7,126,5,138,53,197,152,40,20,90,170,23,88,81,96,189,93,158,132,101,30,101,233,121,225,72,254,159,186,113,97,98,70,130,201,50,54,34,190,75,216,231,208,43,221,41,60,135,163,8,106,155,219,94,35,192,188,147,201,109,161,158,143,165,180,20,165,79,136,31,224,149,64,158,49,204,239,145,38,201,3,152,138,205,208,205,32,187,234,218,144,100,156,63,255,82,220,14,164,19,154,74,148,111,136,157,150,250,243,1,150,210,234,72,206,130,28,188,100,197,15,180,15,151,83,74,6,203,91,176,96,14,67,9,130,94,38,53,121,167,217,113,201,89,25,18,102,96,188,55,135,106,14,45,203,42,15,232,233,39,47,155,66,2,176,27,206,26,206,117,90,115,178,154,53,117,183,27,93,62,179,113,61,65,88,100,33,168,73,204,198,77,123,239,150,2,255,194,222,184,248,43,168,96,117,148,33,96,14,236,235,76,122,90,206,59,4,131,119,251,115,5,225,244,238,100,21,197,174,22,236,63,57,34,193,122,213,97,149,110,118,168,177,103,55,66,41,33,239,158,118,157,148,163,132,204,51,132,43,200,172,18,82,105,40,234,219,66,100,25,18,223,228,212,64,138,106,3,28,94,183,103,84,153,230,245,116,47,205,210,202,214,83,171,27,101,99,130,3,34,222,127,144,112,192,15,94,120,219,114,71,241,68,241,24,81,146,119,31,19,32,187,73,101,3,124,22,229,102,194,26,140,41,158,91,184,226,12,255,53,76,125,220,170,239,59,163,113,238,143,133,109,24,91,243,239,65,187,245,172,48,247,215,97,229,226,26,46,245,7,4,201,6,134,12,163,106,156,45,180,198,249,154,188,47,83,227,121,186,250,154,181,39,161,123,30,62,118,245,50,21,163,242,38,147,233,206,133,126,142,13,169,240,121,139,98,163,77,146,216,50,236,176,127,200,92,162,19,234,137,134,206,237,192,120,226,213,33,167,151,228,52,138,44,134,96,173,2,197,181,163,67,195,129,4,115,128,251,3,231,213,179,90,4,25,187,13,53,181,138,235,173,192,52,106,147,94,225,202,194,246,207,52,130,88,15,46,197,242,222,173,109,44,77,160,39,103,118,194,84,212,215,26,80,61,129,191,118,0,229,99,125,87,236,232,191,248,109,103,193,196,232,82,202,192,38,27,213,48,170,143,112,181,236,155,194,102,245,89,119,203,182,165,12,222,128,223,41,231,164,17,241,107,23,211,43,136,119,215,207,137,136,172,181,27,118,132,238,65,41,75,64,194,54,117,223,123,242,161,238,107,249,178,223,237,205,49,128,134,224,39,218,125,216,83,166,74,213,72,2,193,44,62,95,38,238,153,206,104,137,113,123,21,111,49,25,70,195,122,114,38,155,73,2,166,35,2,235,97,40,162,179,134,194,116,145,207,60,192,108,220,118,114,63,115,127,81,235,241,27,163,212,179,226,69,178,235,112,167,117,145,9,25,193,177,82,179,1,6,22,139,64,73,50,170,145,129,164,35,207,9,97,125,100,189,58,195,31,13,207,100,143,20,233,195,119,121,168,86,84,37,255,95,80,99,190,86,107,76,191,219,248,112,89,239,14,101,72,137,177,48,127,8,206,59,181,203,237,43,182,53,164,19,77,71,41,55,180,191,82,5,91,0,110,239,18,116,117,163,156,126,20,188,34,39,190,182,133,220,158,98,169,43,8,252,231,91,214,235,56,148,25,227,225,31,185,122,151,145,108,223,230,224,96,243,34,20,116,57,191,190,182,112,4,166,126,174,162,84,211,129,157,30,127,151,145,123,151,7,31,91,71,70,119,93,134,65,93,23,106,56,253,33,147,231,255,115,14,183,47,50,176,249,229,173,163,25,127,180,237,24,94,11,14,122,140,102,4,176,4,169,34,20,83,17,60,141,154,165,48,55,124,104,17,187,151,176,177,121,63,98,254,165,112,35,203,217,32,206,181,142,63,225,233,11,104,125,4,197,102,223,9,123,207,8,216,227,178,155,182,240,160,34,86,137,178,147,21,233,241,38,72,132,111,44,62,189,78,230,72,33,133,206,244,121,160,181,52,66,29,242,212,122,117,192,211,228,149,130,30,15,18,151,226,253,87,178,207,12,22,122,53,186,206,159,198,39,216,207,117,112,63,108,75,145,249,84,80,118,146,205,202,68,91,88,10,156,221,106,168,160,34,137,113,51,14,239,102,112,251,103,134,164,12,106,112,8,147,211,229,37,97,8,37,227,238,236,243,51,107,240,138,91,230,176,156,80,204,49,167,33,224,13,237,12,106,54,19,82,96,97,21,85,170,6,19,238,48,234,3,177,2,231,160,108,235,254,186,205,115,38,178,53,194,100,176,192,123,17,103,167,245,22,74,151,98,159,182,123,11,136,181,61,107,89,55,103,3,249,249,22,236,85,167,113,231,77,52,253,22,239,218,59,124,80,230,206,26,35,227,57,97,127,88,5,29,219,116,66,209,123,78,62,232,165,66,56,244,55,251,133,105,21,88,243,230,115,150,191,69,13,118,42,14,210,162,243,112,109,176,179,57,6,213,93,129,134,80,139,229,22,0,192,199,193,207,24,3,21,175,23,1,27,115,35,111,43,74,169,13,200,202,201,24,153,190,224,168,26,79,178,153,55,247,232,101,90,224,241,157,249,177,20,96,125,1,161,98,14,196,222,170,6,159,29,71,110,79,122,147,110,164,4,75,147,21,192,143,173,110,160,213,106,221,150,187,173,0,150,47,150,224,34,79,199,23,49,236,221,52,52,6,227,136,239,249,9,38,150,10,111,234,201,213,213,235,42,247,215,76,244,202,33,176,56,23,68,228,154,193,145,37,186,217,102,219,111,245,222,136,216,248,227,13,34,3,194,234,224,248,220,195,196,59,108,41,100,205,212,169,13,24,185,227,40,232,139,239,248,147,121,201,55,120,114,231,6,20,154,211,29,29,123,104,149,197,33,166,194,193,137,230,202,166,188,5,240,73,141,110,92,126,76,247,4,53,112,38,199,76,195,146,212,67,251,139,165,43,55,124,142,169,114,153,181,32,221,211,50,152,212,114,139,221,162,207,226,247,106,46,206,141,145,36,24,248,147,187,86,17,109,88,5,205,182,31,5,128,185,114,110,22,57,152,65,148,55,166,59,13,134,232,187,232,178,120,163,67,195,129,4,175,128,251,3,231,246,136,160,77,137,252,163,104,232,152,195,83,71,81,161,139,52,212,239,0,147,130,124,128,140,141,217,114,77,173,81,103,212,150,131,255,238,154,226,183,205,122,244,33,97,31,224,31,40,230,89,26,133,126,93,65,23,140,99,97,39,50,141,196,11,122,50,8,153,223,54,188,105,158,247,232,47,228,43,179,151,139,56,170,187,166,195,192,165,213,43,66,82,43,47,26,223,97,123,236,33,150,24,69,212,123,89,109,223,204,203,127,27,107,35,38,190,74,32,124,40,162,127,148,179,192,133,4,5,15,128,203,79,170,186,166,5,147,190,187,0,148,78,135,86,140,216,167,33,30,204,161,94,185,206,209,144,55,47,246,147,3,30,211,58,228,158,239,120,229,237,230,222,21,75,51,207,16,170,238,209,67,139,209,21,245,234,101,196,94,17,185,86,71,230,14,44,108,111,31,216,102,229,14,253,73,2,158,54,176,170,221,233,77,81,161,226,95,108,242,238,105,134,226,34,249,187,155,142,69,81,175,234,36,74,203,247,159,152,67,156,205,71,107,125,92,218,95,100,75,105,254,66,170,242,79,64,23,212,224,110,159,102,248,83,226,31,76,98,190,131,72,122,173,51,70,51,232,64,181,245,82,128,66,159,106,165,124,196,75,217,130,56,25,151,96,10,139,13,19,84,0,206,65,119,163,68,15,84,243,51,175,175,26,139,44,194,131,68,199,243,83,96,7,207,230,175,78,184,93,139,15,199,173,67,218,157,230,100,134,179,1,1,208,198,103,212,68,25,24,18,42,106,101,189,29,56,33,22,69,203,76,18,115,114,99,140,46,28,111,55,161,31,201,219,167,221,197,121,143,213,214,8,128,66,230,150,39,149,205,245,53,226,24,72,171,114,184,12,70,187,214,54,75,119,143,222,197,39,24,28,238,15,160,180,130,167,175,164,146,53,233,99,92,104,136,76,242,10,224,244,207,68,161,26,71,171,214,148,186,217,82,192,141,19,62,233,0,89,190,238,19,196,81,55,74,138,19,248,165,26,47,166,238,43,20,169,37,0,3,190,246,22,179,161,51,196,161,69,133,5,15,4,108,69,153,50,230,244,247,158,156,6,112,162,178,230,98,218,136,25,92,235,170,87,3,160,186,121,4,41,138,112,31,227,175,168,102,231,232,4,54,73,220,245,223,8,114,228,209,171,246,217,119,254,0,228,146,175,17,25,108,65,74,16,87,178,128,102,71,112,81,191,183,181,59,17,119,0,131,245,149,176,9,11,25,146,217,105,61,88,26,116,11,161,75,234,88,30,8,52,51,244,10,21,147,150,231,222,223,143,251,171,210,52,81,107,130,179,176,108,121,69,147,210,41,201,203,218,61,38,217,105,232,159,142,226,255,87,128,37,115,213,247,89,106,155,144,103,195,60,45,7,0,161,185,31,229,114,144,233,103,39,86,106,233,139,217,138,191,2,110,121,250,46,82,135,159,94,251,191,232,110,47,66,111,112,22,113,9,5,65,115,157,146,112,115,138,33,56,182,250,188,103,30,148,132,1,197,48,185,38,136,230,1,140,40,197,248,22,227,70,162,216,105,118,16,148,6,79,253,11,203,209,190,188,37,116,122,93,35,139,204,11,118,87,48,172,244,63,17,135,246,136,10,0,142,122,201,6,111,26,149,209,179,43,39,255,198,219,214,135,82,246,166,224,71,94,174,144,120,113,240,20,191,80,241,94,134,170,84,20,18,77,221,243,155,10,183,84,246,239,169,249,20,28,9,37,145,143,227,225,111,90,171,189,66,187,11,93,63,193,92,14,123,127,24,139,100,82,150,17,123,158,108,132,163,156,123,87,174,216,51,182,65,202,144,137,187,192,159,225,246,117,230,251,26,146,5,180,179,188,104,104,130,166,254,70,176,232,127,5,205,36,116,181,76,18,222,48,41,194,167,82,168,116,229,18,29,211,115,198,120,203,23,114,163,2,26,26,97,138,36,94,253,36,178,114,11,83,11,100,101,11,123,205,171,157,50,243,203,34,57,61,220,110,223,30,40,243,73,152,21,195,247,131,192,25,186,68,238,98,208,64,230,223,170,243,233,39,222,149,17,184,184,221,220,247,42,18,163,50,229,14,248,54,135,200,130,227,240,12,70,49,213,141,163,67,195,129,4,235,128,251,3,229,146,244,47,134,211,112,22,142,157,238,29,138,34,188,24,37,184,167,24,194,223,141,210,83,166,26,143,21,85,109,151,202,235,182,149,187,249,23,8,90,29,188,12,80,28,136,224,42,140,82,46,103,68,180,252,142,20,167,115,70,225,233,157,69,130,23,199,148,124,63,243,35,230,39,174,28,53,198,188,177,199,70,131,171,254,37,186,205,206,237,151,87,70,22,104,238,30,252,22,180,27,82,193,246,189,198,116,178,157,34,132,85,19,14,203,188,2,253,91,22,15,68,110,53,130,116,234,102,39,91,43,133,118,7,219,15,248,217,0,39,75,193,153,88,247,30,212,43,29,172,199,30,74,170,114,118,141,93,128,110,251,224,150,236,171,136,186,101,22,104,116,60,48,165,230,141,211,184,127,71,151,208,204,23,86,127,131,184,64,61,99,157,151,182,43,218,117,104,46,23,86,100,94,78,195,190,67,80,227,134,89,232,117,203,76,158,111,181,176,213,36,62,242,194,47,124,160,22,162,218,56,23,1,158,89,245,85,228,220,7,2,147,79,125,186,153,70,55,32,116,215,3,229,102,104,60,227,171,198,125,48,171,51,221,176,227,227,132,114,34,154,155,6,77,8,168,64,146,104,198,194,180,0,148,5,84,204,158,143,5,80,228,122,240,237,162,112,210,188,223,175,252,154,71,2,107,230,24,187,120,145,106,194,201,93,123,117,172,229,120,226,51,12,189,250,54,219,249,173,203,53,106,38,199,171,230,151,241,135,156,234,54,73,174,122,186,249,201,133,79,29,181,144,218,95,12,111,253,198,24,88,125,220,28,241,212,24,43,146,166,36,255,104,141,165,233,165,9,176,230,101,250,173,179,188,182,186,120,99,94,64,146,131,1,32,49,120,187,150,147,159,116,56,1,66,98,233,91,77,147,217,90,138,206,214,93,182,83,142,232,13,90,183,67,102,120,28,112,145,233,66,44,73,239,54,248,58,229,19,21,181,201,66,151,49,117,76,74,127,61,199,27,196,202,220,193,151,75,238,133,177,178,115,103,151,54,185,35,129,138,86,215,243,50,141,203,75,145,57,45,146,43,163,228,67,71,248,136,212,69,169,83,157,213,195,65,217,164,88,238,57,175,176,252,98,226,62,222,94,128,87,98,227,13,61,146,94,66,59,78,106,141,199,99,125,231,15,24,103,103,206,118,69,8,109,155,129,235,19,44,23,24,183,43,29,213,193,184,74,173,154,160,153,23,29,118,131,135,238,64,124,249,196,252,3,85,26,2,126,208,196,80,42,191,49,73,84,2,229,69,189,182,61,145,15,112,133,236,99,53,228,241,124,90,13,157,8,60,61,185,160,124,60,174,61,216,197,91,1,234,212,1,76,6,64,106,57,158,71,111,0,219,73,55,120,58,191,56,18,123,227,0,200,196,19,150,187,234,115,104,157,129,31,173,244,60,247,205,138,205,23,162,207,94,167,133,16,3,186,198,159,180,59,241,143,47,56,44,79,176,245,240,25,101,19,189,14,249,82,195,125,109,32,255,208,186,142,171,147,34,126,32,121,88,134,239,16,235,31,97,178,207,22,107,2,21,72,182,107,44,89,94,229,234,136,211,163,181,80,59,18,41,188,213,58,51,161,84,78,159,73,155,187,164,254,126,236,150,144,124,249,67,184,240,160,252,142,193,252,133,244,117,61,26,83,170,159,108,155,232,46,61,13,176,132,98,158,174,195,5,102,84,196,18,160,13,214,241,4,197,135,152,51,36,0,0,89,95,64,185,93,94,144,1,189,231,83,192,25,104,68,149,215,60,206,182,168,246,64,164,88,147,123,93,1,169,11,16,252,60,104,195,77,159,12,64,225,231,38,197,148,152,72,108,13,205,41,97,87,1,76,242,135,104,249,251,171,241,24,139,144,13,213,22,134,203,48,198,169,58,7,239,212,45,251,149,209,70,222,129,211,180,153,87,120,71,27,198,124,206,196,132,70,74,42,126,82,215,193,93,32,117,216,115,227,165,52,170,252,59,10,176,134,195,104,121,23,119,112,110,28,107,98,153,58,183,45,227,144,103,223,76,140,225,68,41,137,41,126,148,17,55,135,111,107,214,227,103,153,205,42,65,120,139,107,255,78,156,15,149,203,59,207,145,212,180,163,67,195,129,5,39,128,251,3,229,110,166,44,126,10,92,212,54,54,77,124,70,9,205,206,223,44,43,172,4,28,250,119,121,176,89,172,97,58,41,83,113,81,88,68,163,101,159,238,69,157,24,128,160,227,88,28,219,164,210,117,202,133,184,143,206,185,208,98,100,111,37,30,63,100,232,173,167,154,235,178,154,87,98,211,2,191,37,81,140,95,144,83,84,66,96,150,231,82,211,222,179,250,79,137,96,127,57,50,37,41,232,66,28,197,43,110,52,144,148,11,157,132,40,218,43,117,45,34,178,79,234,142,203,223,33,34,17,162,115,40,38,166,140,249,221,73,137,103,59,146,211,123,88,153,66,244,123,144,212,83,139,42,47,137,148,119,87,89,140,193,184,197,34,9,99,248,246,32,146,13,99,115,234,199,127,55,90,133,250,7,22,195,157,75,19,175,198,180,164,103,83,186,158,88,70,248,124,190,214,136,133,242,96,179,22,192,127,145,229,40,76,18,241,41,172,101,33,118,165,60,251,132,104,162,164,25,64,92,80,21,62,15,95,27,29,83,100,207,251,159,207,185,200,61,70,131,177,165,111,228,110,162,81,139,229,123,238,51,191,95,194,181,255,143,94,231,142,74,39,156,79,214,80,63,82,203,93,74,130,197,133,248,147,198,233,88,105,175,156,242,158,230,243,224,130,219,163,159,46,8,225,231,68,181,155,140,168,131,70,207,230,60,43,222,223,212,130,234,76,52,13,151,207,134,217,237,144,125,153,5,159,112,174,100,71,122,33,164,127,163,128,27,226,35,87,254,207,240,115,56,134,1,69,186,14,97,151,171,240,242,203,26,238,16,161,96,30,51,170,147,197,10,17,76,124,98,102,125,211,219,117,246,85,215,168,109,20,36,158,231,122,69,209,16,79,50,61,215,55,135,172,123,34,57,46,181,45,172,17,254,237,79,157,216,0,217,65,73,119,26,152,176,118,217,1,26,223,43,110,181,168,202,147,134,113,149,115,241,170,156,67,40,217,204,194,136,48,45,186,241,57,212,21,15,236,178,225,202,37,212,42,157,0,7,72,11,182,53,213,128,4,184,165,157,71,166,87,13,96,218,16,240,51,95,7,144,53,79,16,72,165,206,243,209,1,197,61,77,202,76,79,121,125,131,42,79,200,53,201,9,206,8,234,23,88,236,228,190,45,243,188,239,249,77,227,140,233,80,189,101,144,135,191,37,87,116,120,213,190,185,105,224,249,196,44,96,94,186,237,64,99,164,134,218,43,71,56,123,202,138,200,199,218,49,20,220,54,77,254,34,48,249,47,178,188,211,192,22,152,66,110,197,41,47,125,88,3,31,176,211,199,239,193,124,14,230,214,48,251,16,121,21,102,200,172,83,175,119,95,108,111,154,94,250,20,119,160,102,121,239,17,131,254,201,194,105,182,57,29,180,3,66,132,124,36,137,112,113,248,22,199,70,111,190,254,199,144,140,46,123,175,192,8,66,16,90,172,215,149,59,223,196,149,20,0,132,15,146,157,40,49,157,238,224,81,66,135,29,203,5,8,139,115,233,169,207,113,246,129,134,111,226,201,128,143,219,169,144,200,120,87,43,68,57,236,197,242,209,8,9,32,201,52,211,135,26,176,147,26,209,206,103,170,198,195,162,178,247,73,22,158,129,140,78,138,0,121,125,2,69,148,148,6,77,39,232,99,40,27,185,138,137,240,167,118,153,134,149,169,40,154,76,229,110,19,199,195,152,238,201,115,45,141,128,0,208,240,140,234,43,172,27,59,82,64,0,113,133,47,170,47,122,25,234,239,26,32,47,70,185,217,131,117,178,158,178,179,121,214,250,218,124,202,248,187,45,114,242,202,57,241,24,84,226,200,169,43,17,124,111,9,89,190,54,236,134,156,130,115,227,102,53,216,88,111,5,185,232,220,87,212,158,49,113,179,8,225,150,8,55,128,105,188,235,235,191,132,236,191,98,71,204,110,244,250,54,148,246,109,29,192,249,11,113,71,245,87,71,186,183,207,91,238,241,155,95,123,89,163,185,46,32,122,182,109,168,18,247,55,74,98,107,15,102,219,26,215,53,80,146,44,41,21,210,93,18,31,36,189,116,88,230,4,139,187,179,185,187,40,205,116,70,110,119,165,32,104,126,74,87,115,149,32,162,38,163,67,195,129,5,100,128,251,3,64,99,36,244,105,143,186,118,20,107,86,181,245,236,97,107,144,5,49,73,240,148,27,166,208,217,208,32,65,36,23,236,219,250,51,101,115,136,250,4,7,175,225,172,102,172,161,28,223,143,249,60,142,123,139,157,73,156,27,71,221,245,210,141,64,60,56,75,174,41,47,191,201,40,168,9,203,226,196,29,105,119,153,72,149,115,224,189,64,205,249,182,114,26,176,102,178,51,235,238,1,165,229,190,81,144,92,78,128,221,186,84,56,226,150,90,189,213,53,61,174,112,175,251,23,128,115,75,21,99,215,21,25,190,157,165,247,28,32,107,93,69,56,176,114,119,70,149,5,173,61,80,188,62,160,237,122,200,241,232,172,62,161,110,36,56,44,27,144,17,104,146,240,5,5,44,22,142,191,1,223,214,184,106,33,6,118,3,249,85,229,134,80,218,173,109,181,241,145,65,130,11,37,84,235,115,220,204,30,109,79,246,73,68,72,212,20,74,95,93,7,45,34,199,197,195,166,210,22,43,235,126,44,237,199,148,235,154,44,30,233,19,158,29,239,71,171,76,227,51,243,169,53,100,230,60,205,27,118,145,28,10,113,63,86,88,64,246,128,73,221,54,14,162,30,234,156,144,115,73,231,210,84,141,153,124,44,18,4,227,43,230,206,178,185,222,26,138,85,14,141,148,218,232,198,4,105,69,148,248,79,183,203,133,125,148,20,238,122,34,126,225,93,119,13,228,111,49,129,93,49,242,102,115,202,231,226,148,255,183,57,62,93,140,195,155,9,172,138,207,135,123,255,161,184,138,60,203,15,39,85,217,197,232,33,228,251,137,111,187,6,168,60,222,219,254,12,156,24,219,211,151,53,146,80,126,203,238,36,186,34,148,38,20,144,188,59,230,39,166,151,189,191,61,245,233,246,193,117,221,72,138,110,157,60,177,198,255,25,2,4,85,105,109,45,41,197,239,146,205,102,92,172,97,45,208,70,215,183,250,58,23,148,70,221,103,28,242,206,38,42,131,92,20,153,36,212,90,7,81,126,205,249,70,197,54,59,237,235,152,236,197,4,116,62,210,164,72,60,220,51,171,160,204,229,86,67,81,184,171,246,104,15,172,57,13,214,12,187,81,160,89,58,29,58,20,120,240,194,181,48,179,6,164,204,200,251,146,195,176,250,73,70,188,218,241,174,210,167,106,59,75,135,61,33,46,62,202,62,208,149,78,28,180,27,189,117,244,198,137,26,178,26,26,16,19,102,151,79,248,146,241,28,251,236,19,176,67,57,197,68,76,200,222,231,96,47,103,37,48,104,253,183,120,227,254,147,9,31,76,100,97,106,71,90,64,122,92,202,145,148,13,167,189,83,40,80,237,151,14,71,26,179,21,156,172,113,22,136,171,40,166,27,21,212,221,88,10,99,196,116,154,50,111,199,25,150,118,117,128,155,136,200,30,175,179,163,42,21,61,116,63,193,143,121,60,16,243,60,96,137,39,217,37,144,161,49,205,188,144,39,204,16,5,253,236,175,222,170,176,39,57,250,18,10,46,132,74,249,1,218,83,173,80,255,193,191,245,37,18,150,229,87,155,200,111,2,54,196,237,209,195,217,169,215,3,61,216,205,245,107,243,243,167,8,55,125,61,65,39,253,159,110,233,12,216,151,212,244,203,16,110,253,252,210,224,91,240,83,128,74,133,97,129,5,171,174,243,31,164,104,186,229,147,113,186,94,186,159,51,61,132,176,218,0,154,146,248,89,94,24,132,237,243,117,6,246,89,48,52,122,111,206,4,156,188,26,111,34,7,166,105,51,190,7,34,143,20,29,34,203,101,163,245,213,122,7,149,195,220,127,200,119,233,159,214,157,220,238,76,57,25,76,253,75,39,81,128,182,142,39,14,184,245,89,124,24,224,41,114,180,80,97,143,37,86,189,110,218,182,25,192,114,103,65,223,50,1,174,142,223,215,12,164,127,149,123,7,254,242,60,122,24,202,232,129,88,144,245,203,182,71,76,236,166,72,221,183,238,77,172,214,65,128,107,174,174,24,86,43,102,40,202,170,24,9,47,164,36,116,29,158,24,144,67,137,174,97,105,92,173,115,30,216,228,56,178,17,4,123,176,26,253,148,166,241,120,93,38,213,134,6,251,7,46,163,33,163,67,195,129,5,159,128,251,3,68,60,198,34,36,226,112,199,253,107,80,25,20,145,169,253,80,53,219,55,121,6,95,34,248,121,134,160,51,220,245,82,68,79,44,61,14,21,132,21,73,242,249,96,243,217,248,247,255,69,6,150,153,144,54,153,120,127,183,193,251,56,67,200,50,61,72,127,59,188,114,61,250,131,102,237,78,129,178,145,185,225,4,129,5,163,178,34,255,142,72,64,207,173,61,223,236,191,183,148,64,10,205,247,105,152,196,20,133,233,72,50,194,67,193,215,45,117,77,19,81,170,179,88,81,55,106,104,159,94,46,223,237,140,59,89,8,148,116,244,53,61,149,228,241,84,72,134,68,11,17,108,154,76,239,110,178,100,182,45,20,193,117,253,80,254,115,181,253,248,78,244,52,55,162,3,111,142,89,189,244,76,96,181,251,92,223,196,198,168,40,205,52,134,38,45,190,36,163,228,115,87,222,18,178,123,117,54,179,78,191,78,173,3,104,30,41,132,157,210,18,57,20,154,80,58,51,165,138,75,129,101,144,140,181,97,244,231,125,231,214,16,89,78,143,193,37,65,114,59,48,230,168,41,46,119,147,131,158,189,29,51,57,173,221,112,80,18,163,151,4,230,153,126,87,242,130,9,54,225,39,121,5,191,151,187,184,86,25,26,120,16,2,32,153,39,98,68,108,35,48,191,111,60,166,180,109,49,179,2,112,51,135,159,255,138,70,27,98,68,184,153,33,123,180,219,45,223,83,177,64,16,204,124,145,186,25,220,140,76,31,213,228,147,246,236,54,78,127,88,200,56,27,218,24,59,177,104,192,138,254,54,112,105,238,168,158,164,120,1,18,75,182,240,173,49,47,12,146,204,87,109,81,106,134,62,177,170,235,250,158,164,151,254,225,226,108,46,108,203,205,184,222,30,154,89,100,29,247,161,107,245,85,55,185,39,203,43,212,102,245,219,18,71,251,4,234,251,155,77,128,39,72,128,76,68,249,102,104,6,48,123,8,117,72,216,237,50,132,221,96,177,162,102,9,1,183,116,166,224,239,88,215,226,141,18,201,212,193,216,97,108,118,104,83,38,95,35,194,79,235,224,41,114,83,145,226,41,26,247,170,36,178,58,143,119,22,144,30,170,61,17,185,140,236,245,234,140,53,253,191,91,149,223,18,190,34,163,146,153,219,59,124,134,229,75,27,27,229,80,116,83,251,252,178,115,77,113,40,22,215,106,136,142,221,74,161,109,146,179,220,69,0,69,25,72,127,115,188,75,182,63,113,166,74,179,16,232,30,226,159,128,170,217,114,130,0,88,143,7,185,74,92,89,169,156,250,236,127,221,127,82,35,215,88,182,50,184,164,181,201,34,240,87,129,217,8,45,205,100,97,224,246,252,42,211,235,100,91,33,180,158,121,43,132,21,62,53,10,88,27,170,28,144,226,58,108,70,231,163,13,47,233,55,191,11,85,210,22,43,251,244,130,236,217,25,60,58,135,22,217,247,114,214,171,44,190,198,178,227,147,251,234,127,168,42,76,35,102,143,239,58,33,116,212,122,191,103,27,9,107,58,25,31,150,0,244,168,28,210,183,112,229,56,1,227,123,185,240,61,81,79,246,31,159,254,46,209,231,144,150,155,113,215,147,125,174,0,50,116,66,225,87,53,139,250,61,204,71,78,215,8,207,16,58,225,61,51,23,252,0,127,119,217,48,6,212,107,74,130,174,136,254,92,234,46,29,193,136,248,7,82,86,146,43,138,14,62,103,15,139,202,89,89,163,195,129,210,140,220,11,50,168,89,70,79,150,73,57,203,167,198,64,239,67,238,83,98,157,204,240,211,121,178,106,71,237,202,13,113,68,132,243,28,46,107,206,209,155,157,11,102,163,7,102,186,42,252,139,138,186,61,207,44,30,116,215,24,188,162,49,141,217,191,221,158,186,202,56,15,232,183,117,152,168,187,122,169,47,36,210,66,9,143,2,123,178,129,94,72,11,200,92,190,12,182,190,63,170,75,253,201,216,130,6,236,116,196,107,69,252,248,227,189,105,179,96,179,240,2,11,227,141,151,96,243,113,165,93,110,251,159,124,48,57,59,102,158,32,49,63,18,109,191,12,243,63,137,177,71,146,100,253,93,10,115,33,167,42,202,46,124,59,117,186,147,121,163,67,195,129,5,219,128,251,3,231,51,179,237,82,213,71,45,123,164,122,250,118,57,116,29,177,97,54,246,170,53,46,189,216,76,234,13,85,189,250,232,225,108,73,2,50,164,86,154,179,131,200,8,65,227,39,238,17,0,97,202,56,215,168,168,232,82,68,98,227,145,220,126,57,102,186,231,55,11,153,240,61,186,29,60,173,155,93,171,13,37,64,245,69,210,219,240,227,74,74,110,53,94,235,155,148,249,198,162,2,114,6,192,221,112,93,113,107,84,148,212,63,248,118,243,253,226,218,185,56,223,218,113,134,17,165,40,15,239,131,21,126,205,74,157,38,140,251,241,167,149,173,243,105,222,53,99,79,196,228,18,176,118,232,226,166,94,245,242,149,81,78,237,8,109,32,99,25,133,114,247,194,224,195,100,42,55,123,239,227,189,86,23,48,102,248,220,248,81,226,248,45,50,39,216,6,166,47,199,10,228,88,40,203,209,196,44,168,163,78,21,136,170,182,71,11,163,232,43,12,179,69,57,46,211,156,245,127,152,205,214,176,125,93,213,254,4,172,194,35,168,15,187,199,248,74,109,193,11,97,247,34,250,152,175,53,62,0,246,145,19,176,87,39,58,221,208,40,88,44,105,137,140,176,45,52,100,44,213,223,177,131,132,122,49,88,139,42,208,180,119,126,165,103,88,183,25,146,61,233,149,18,255,87,94,71,75,241,108,37,163,130,119,213,61,156,141,135,229,112,219,191,207,190,226,157,160,120,137,113,39,246,237,200,118,133,72,218,93,65,95,208,31,150,192,43,206,91,250,139,18,111,251,46,107,101,249,94,224,208,114,32,154,250,7,82,162,72,215,23,40,62,219,23,229,234,26,115,95,248,49,2,202,77,200,134,192,72,33,40,38,175,168,135,110,71,1,141,49,140,177,253,239,221,53,216,209,110,55,87,154,28,196,227,239,4,206,88,88,209,81,36,150,212,84,64,206,54,4,163,204,232,46,182,181,10,109,4,37,205,134,194,12,64,107,63,15,145,196,213,23,2,122,114,23,117,185,163,158,75,142,10,75,149,22,49,27,163,67,229,199,81,115,80,17,160,96,147,145,5,224,68,143,5,64,217,197,0,5,60,136,106,253,69,147,119,46,26,72,72,207,164,178,200,177,101,7,170,116,119,134,66,1,23,74,236,245,223,214,85,7,117,169,40,21,103,21,190,197,198,161,193,60,191,72,94,53,236,241,113,118,33,100,112,56,132,52,195,223,193,92,89,251,53,252,81,221,245,49,167,86,76,98,218,23,62,52,49,232,200,39,113,242,98,68,245,34,23,100,154,193,56,155,75,246,50,19,157,115,29,67,218,158,60,74,94,5,0,233,154,224,176,169,223,206,130,192,109,60,16,37,157,32,109,133,106,196,208,45,177,81,162,196,140,248,23,235,132,0,9,135,130,168,145,154,45,145,229,97,204,230,40,101,38,52,154,154,222,120,239,102,78,79,49,109,82,110,187,17,120,58,208,126,122,135,7,229,15,241,168,207,17,39,249,108,121,248,13,241,85,76,177,148,29,54,236,198,198,224,211,9,80,143,126,18,169,160,170,172,53,33,75,230,176,250,187,87,117,42,161,56,20,159,191,139,148,91,248,133,170,150,160,21,43,50,177,198,137,186,2,49,77,71,11,65,26,31,66,120,108,24,174,239,109,183,168,72,131,201,78,170,101,146,73,43,51,112,173,211,210,59,128,223,109,51,101,150,135,241,49,72,8,146,141,75,104,104,178,125,30,56,180,31,248,13,195,181,145,216,177,217,238,67,246,110,193,14,149,86,232,125,182,135,50,59,46,186,39,151,214,14,10,196,185,28,220,137,17,99,170,176,179,168,127,245,226,111,142,240,81,167,36,21,79,227,51,251,147,136,250,51,108,156,143,107,214,60,120,10,18,236,151,72,205,175,61,238,57,2,158,31,210,15,142,222,58,215,176,143,4,223,119,70,219,164,97,181,189,114,231,212,130,220,171,101,231,152,215,174,51,206,59,1,202,197,59,55,72,16,142,69,224,80,178,220,118,148,137,3,222,86,135,32,254,63,57,93,211,194,201,195,98,109,67,109,22,105,140,114,229,13,71,25,112,191,13,199,195,160,163,86,207,48,121,29,97,231,49,139,229,175,100,67,63,173,157,163,67,195,129,6,23,128,251,3,231,19,130,24,31,139,214,190,161,32,43,183,69,222,210,138,111,127,146,3,12,48,40,178,223,109,224,101,135,159,169,155,102,91,180,17,143,133,65,55,110,171,42,41,151,242,15,11,61,127,37,223,171,253,134,206,161,102,242,252,239,5,216,102,224,79,186,39,253,222,79,164,68,224,77,183,37,64,105,61,13,109,172,255,167,19,217,166,249,134,140,167,158,130,126,186,3,161,210,220,47,42,180,7,71,124,44,0,168,169,137,187,228,148,140,122,24,164,39,232,163,162,11,203,11,201,252,5,26,37,229,187,203,218,85,252,0,180,154,135,113,116,47,227,65,242,39,134,13,250,192,5,160,27,98,0,171,112,226,230,176,248,253,135,81,211,123,164,142,15,253,245,165,81,79,108,243,194,155,214,248,143,97,128,47,55,192,176,15,250,41,94,232,130,30,78,167,136,67,135,16,205,32,105,76,110,103,59,209,133,182,107,166,43,208,219,13,17,183,0,120,85,171,174,195,180,197,101,238,13,213,62,112,220,184,45,181,30,51,1,153,134,165,0,205,83,65,48,170,70,115,110,157,173,171,247,32,228,70,55,68,208,200,98,23,83,14,238,203,147,46,101,86,74,245,11,135,160,136,152,55,39,11,67,156,124,32,159,10,235,173,239,29,90,216,34,129,136,116,99,219,158,244,61,183,225,96,31,226,136,234,42,217,224,158,131,19,162,164,229,114,76,155,220,126,93,250,215,91,140,161,53,20,30,234,122,134,134,201,21,84,179,5,250,148,34,178,251,228,178,179,17,36,32,165,89,120,183,118,211,186,22,157,74,90,91,71,153,32,136,13,247,208,249,202,9,189,88,8,38,166,188,117,231,13,158,125,128,169,40,176,136,12,30,223,252,83,7,190,211,251,63,22,21,142,152,218,63,227,91,115,183,75,122,226,77,244,186,104,97,40,59,76,55,228,237,249,75,38,125,26,250,22,85,195,113,91,186,3,14,153,230,48,45,57,209,204,108,181,241,41,27,227,211,178,89,48,247,92,9,150,127,131,235,149,55,149,228,249,65,248,217,239,126,178,113,158,57,233,180,62,86,41,220,83,138,204,23,216,98,114,218,81,189,200,3,195,118,57,16,139,82,172,255,206,219,28,79,30,222,158,28,253,145,85,249,52,37,143,189,174,137,28,74,187,65,13,229,129,71,57,102,216,29,95,92,241,101,189,204,85,209,8,127,2,55,200,125,214,126,122,176,0,89,123,247,167,9,221,84,247,114,193,207,83,189,250,179,240,119,213,242,47,149,104,52,207,116,141,124,239,32,49,129,151,144,102,203,53,198,75,86,162,30,210,80,220,225,63,17,229,232,100,78,171,6,3,254,211,53,45,72,212,216,57,153,239,160,67,191,170,124,175,18,238,243,198,33,128,225,106,50,9,71,88,45,108,163,229,114,10,177,81,212,32,114,141,22,242,159,10,182,171,37,174,1,109,127,184,80,27,245,89,219,10,131,17,27,16,104,250,14,83,86,4,17,97,21,23,156,82,9,39,140,25,60,203,220,55,107,44,6,83,186,221,235,200,187,153,76,123,132,105,160,144,212,40,50,11,16,196,247,103,53,90,4,99,119,45,233,173,110,189,181,236,23,66,215,221,64,241,52,132,29,68,49,205,76,108,145,190,153,17,45,245,227,213,29,163,234,156,201,43,239,235,75,203,160,1,202,178,242,111,67,183,195,86,159,90,89,8,64,183,158,57,142,184,141,132,142,52,43,168,93,231,70,161,181,1,193,152,14,29,46,201,121,230,113,92,203,219,92,163,163,77,70,163,244,198,120,229,247,134,135,19,109,144,18,41,79,10,16,243,234,67,10,255,37,239,98,147,131,235,177,255,130,174,5,163,138,139,89,144,5,206,76,146,134,83,43,235,65,0,190,154,70,88,9,71,98,162,164,103,177,181,119,155,150,217,84,72,66,6,227,172,247,190,159,229,193,219,87,190,171,149,168,157,219,142,85,37,184,87,68,3,140,116,135,77,240,173,252,136,164,123,157,205,12,178,57,52,25,219,236,100,196,145,151,250,23,63,175,0,164,225,49,84,18,24,202,154,72,143,37,38,229,170,228,129,31,231,180,10,217,158,249,115,236,155,37,189,169,42,176,73,213,163,163,67,195,129,6,83,128,251,3,231,22,13,134,205,140,52,120,181,57,116,207,234,241,125,127,40,130,149,54,129,18,232,203,89,64,40,46,193,119,215,71,194,80,4,164,58,160,112,194,51,253,210,96,161,220,44,162,17,161,119,53,145,27,177,208,62,28,199,224,148,89,113,42,47,71,203,144,52,104,159,151,243,106,237,233,20,240,207,219,75,46,141,224,184,38,17,166,56,77,61,84,132,139,129,134,31,205,146,5,234,203,214,99,243,145,209,47,163,67,197,121,23,243,206,176,21,189,197,214,221,242,23,87,11,252,51,66,38,232,129,193,2,158,168,219,157,22,159,195,239,221,210,67,183,120,146,187,244,74,115,60,13,126,198,148,36,130,154,208,110,72,2,243,238,170,191,247,80,156,254,58,91,44,250,108,37,217,231,143,204,188,48,143,48,15,157,45,193,30,193,206,185,119,61,175,194,238,235,124,40,188,211,192,2,170,161,84,105,50,177,240,85,35,77,143,103,158,67,116,252,137,236,130,85,58,172,197,48,7,26,219,199,250,149,180,103,10,71,31,249,171,239,33,80,136,216,143,77,232,32,51,22,129,142,69,48,46,169,190,116,154,229,227,79,38,166,217,155,216,57,4,92,228,17,66,71,31,84,135,203,194,195,162,242,149,131,90,212,91,193,229,4,183,149,13,92,138,201,165,41,212,222,138,243,127,129,130,244,224,42,60,251,246,242,163,251,36,164,229,114,100,113,143,197,99,199,247,226,8,37,60,55,224,102,55,192,182,1,133,175,163,54,105,125,44,40,110,239,179,148,120,249,192,206,102,72,91,207,225,4,79,162,25,202,159,253,244,126,162,180,252,63,146,69,87,29,64,169,173,200,78,221,122,205,90,72,170,246,65,23,203,174,101,38,59,93,164,241,56,29,114,46,238,43,241,48,241,104,20,121,3,145,172,66,75,138,231,18,93,219,211,105,183,175,203,140,25,255,96,146,248,82,74,19,80,217,66,174,209,49,25,119,228,53,185,126,160,22,178,38,160,130,160,113,213,66,14,137,26,1,76,205,197,71,218,245,162,162,142,190,208,149,209,153,167,79,96,235,237,217,186,17,219,143,115,36,187,72,7,220,107,229,116,37,51,125,28,32,176,9,227,235,75,68,54,184,134,251,132,87,33,164,216,218,134,146,186,246,123,6,67,35,225,247,3,245,139,44,66,75,192,82,160,242,99,226,128,233,54,121,88,22,81,59,17,36,128,178,60,158,236,86,36,40,198,221,190,134,60,205,62,177,140,110,106,26,168,253,129,109,204,186,132,31,180,210,61,70,145,63,250,22,229,122,220,136,206,178,227,249,3,25,233,245,120,194,83,13,190,178,210,212,66,36,60,237,44,239,156,203,212,170,197,8,207,142,204,153,37,54,75,173,32,198,207,219,120,165,107,233,247,199,18,233,134,190,173,229,110,107,255,95,249,96,220,17,190,149,115,20,205,45,230,110,185,216,77,81,80,203,67,71,249,182,196,219,43,194,240,198,51,117,22,112,32,118,110,104,59,10,146,253,166,240,87,241,44,41,151,174,77,47,181,225,195,93,213,242,195,83,22,198,53,46,162,144,151,0,219,1,189,114,213,12,154,254,127,149,126,77,17,24,170,212,51,71,122,161,46,254,137,143,169,84,4,136,232,91,132,203,136,89,133,69,3,144,182,210,36,19,78,137,77,97,8,242,3,84,45,119,169,163,210,19,82,98,231,73,129,154,198,85,204,65,188,135,45,151,206,185,70,74,150,185,102,165,118,69,93,28,36,46,223,249,6,78,69,159,70,225,110,238,137,136,15,217,175,28,217,56,9,92,91,135,176,51,100,225,58,65,44,174,60,18,15,238,63,128,54,108,159,173,57,240,237,200,197,45,110,98,113,217,243,33,116,77,111,110,105,50,40,12,47,203,195,186,7,33,96,208,103,126,201,195,195,244,15,167,12,5,128,51,79,172,193,25,137,83,243,111,110,222,255,172,65,240,164,55,98,195,128,173,247,10,147,214,110,148,45,218,118,154,50,131,113,110,70,230,203,32,93,131,182,219,206,87,146,74,184,12,125,77,14,181,32,145,191,255,193,169,173,23,18,96,21,68,55,192,227,10,250,94,79,1,146,127,66,58,227,242,77,30,118,195,230,173,163,67,195,129,6,143,128,251,3,229,142,91,251,159,106,243,99,4,232,220,231,208,157,170,165,123,78,18,31,252,62,55,216,171,193,93,208,213,2,176,72,38,155,151,172,166,153,172,238,71,239,193,193,149,132,66,44,254,70,112,235,148,195,201,200,240,18,202,195,62,99,107,96,106,176,254,106,250,173,151,7,130,240,132,34,23,38,21,80,164,94,32,38,125,235,91,136,28,205,134,146,194,201,146,251,112,94,175,64,84,103,98,110,209,42,3,10,212,45,94,93,95,125,87,233,206,4,62,130,156,38,65,20,140,236,60,47,214,216,200,123,28,81,16,100,183,228,74,179,11,226,48,159,70,189,232,198,126,29,3,180,89,83,11,78,205,57,112,105,248,58,179,87,242,61,12,150,252,114,162,150,99,104,111,219,145,46,82,27,62,58,232,207,6,69,131,124,165,107,116,142,55,147,112,69,156,109,42,58,70,108,117,245,16,145,25,254,42,106,108,220,28,206,39,60,208,233,175,234,231,84,138,200,104,39,168,199,98,169,53,216,136,220,114,168,111,225,29,194,106,167,9,101,83,212,47,127,213,159,233,161,219,1,8,114,132,239,5,216,242,69,97,105,99,203,119,10,42,246,202,127,219,174,151,87,209,14,85,183,97,196,173,242,197,64,174,33,47,68,179,241,156,44,196,24,101,30,205,159,82,247,227,7,149,36,74,214,114,44,149,105,110,66,88,41,68,206,174,229,98,150,230,96,147,149,32,248,52,112,138,70,187,23,205,142,88,228,78,135,13,226,113,229,111,254,180,114,152,139,232,134,220,147,239,50,156,114,141,55,120,129,188,68,128,120,162,33,93,189,210,32,144,148,6,144,94,29,95,209,116,187,143,107,35,223,236,95,142,51,154,252,8,23,62,159,125,103,131,245,247,179,251,12,39,219,39,249,158,36,189,94,73,5,204,121,216,8,101,124,48,40,244,227,25,6,62,230,195,190,75,58,23,213,21,8,152,65,29,128,90,233,183,20,14,55,251,185,95,156,129,94,144,222,62,127,188,92,144,42,128,45,78,215,222,5,205,87,230,112,105,68,41,174,224,42,78,157,240,129,86,166,227,174,184,182,162,15,112,182,180,85,187,0,218,96,22,74,117,92,216,123,191,255,21,8,29,199,68,133,255,219,103,180,125,96,53,37,6,208,209,108,72,123,145,133,192,67,88,211,63,239,237,102,34,23,73,53,155,240,198,57,246,26,219,186,176,28,20,143,143,208,135,192,106,72,205,113,225,78,30,34,55,30,236,176,2,222,212,221,176,184,252,154,154,68,108,18,167,213,135,160,93,209,19,42,85,77,165,131,106,166,148,140,171,68,226,237,62,112,219,160,159,68,179,254,134,33,120,179,151,212,26,205,148,127,114,243,19,24,92,128,221,217,24,121,168,229,198,216,10,201,245,71,210,103,117,171,231,35,168,216,53,37,120,21,79,32,108,177,81,74,168,244,185,234,124,211,63,24,22,66,96,17,56,123,29,62,199,6,97,147,135,53,153,70,214,220,147,241,169,211,134,159,12,45,105,156,161,130,239,159,4,45,199,127,199,158,115,143,136,10,85,139,104,153,249,53,27,101,51,108,190,139,185,10,113,105,124,73,33,24,54,56,146,229,11,20,10,133,6,131,148,26,124,36,213,166,163,234,224,161,34,200,96,169,222,242,164,105,188,17,197,234,43,218,255,238,38,174,161,248,15,10,13,178,237,133,189,40,206,169,214,73,78,178,249,63,83,9,167,213,142,100,139,200,218,110,122,129,77,156,239,233,126,112,2,137,198,176,172,47,14,192,201,2,211,155,112,187,78,243,186,247,5,178,86,135,70,215,39,142,70,7,67,253,147,52,132,226,186,68,101,238,149,255,45,253,142,250,236,61,245,213,45,4,80,79,125,199,123,66,7,26,239,232,45,229,169,133,88,22,102,7,118,70,214,203,224,228,119,30,114,10,7,127,5,191,135,108,192,237,19,241,15,244,14,18,15,61,212,163,92,97,104,2,231,117,8,188,65,250,188,151,123,59,128,87,218,119,118,217,234,136,176,77,23,170,79,5,199,52,18,190,96,173,221,187,150,72,164,239,192,253,11,30,99,247,52,180,166,150,41,68,108,144,32,79,108,241,55,102,60,194,114,155,139,163,67,195,129,6,203,128,251,3,229,145,172,176,143,158,87,159,47,12,77,101,105,232,180,181,184,115,32,253,28,202,185,228,30,88,138,23,243,125,146,164,37,50,133,95,250,186,146,93,138,176,137,163,24,114,33,7,248,128,49,142,107,48,192,76,77,49,185,208,42,64,233,38,121,232,198,0,191,23,182,189,129,243,254,128,85,100,12,45,207,216,205,94,66,189,242,206,179,43,251,23,37,126,129,0,254,124,177,190,178,61,78,62,151,228,155,204,112,40,26,46,143,124,95,104,136,2,99,108,201,207,243,80,254,82,4,160,70,179,186,26,171,11,163,210,172,237,2,0,255,169,62,178,206,8,190,132,247,136,7,46,41,13,245,198,11,248,2,74,197,4,28,136,152,168,79,68,142,101,235,173,131,117,237,31,10,232,187,138,155,223,108,242,91,202,21,146,36,84,235,200,120,234,169,24,151,198,228,46,200,69,191,128,0,190,66,88,55,205,233,37,232,13,150,41,164,74,220,127,211,234,116,161,38,155,186,18,237,141,60,159,95,223,239,162,244,145,33,80,176,201,98,124,157,88,7,173,33,232,241,191,2,122,191,168,232,64,85,111,85,213,178,196,94,27,66,162,193,191,44,202,59,42,113,230,9,145,87,83,153,188,196,54,138,178,187,91,233,45,109,79,188,25,215,44,85,167,19,65,24,100,222,91,55,249,166,54,232,180,254,150,71,226,172,230,157,243,149,229,105,4,32,225,4,100,148,148,20,231,56,75,188,172,62,11,44,131,98,123,219,20,40,20,117,133,237,220,15,103,76,238,32,86,136,249,197,51,41,35,32,72,180,94,103,252,217,42,237,136,125,234,31,218,24,213,148,4,101,39,108,104,86,143,157,47,241,152,124,13,115,196,249,228,7,209,53,106,188,170,159,85,208,168,4,166,124,137,89,32,41,37,69,181,77,181,157,89,254,25,198,13,69,115,140,90,88,191,1,150,161,26,138,61,246,90,17,23,254,254,72,38,162,238,154,18,96,21,195,201,61,71,44,56,169,74,203,198,25,226,128,37,217,44,119,133,241,143,37,112,139,174,172,139,99,138,13,222,125,77,66,196,8,200,175,31,159,174,31,255,170,64,43,247,112,232,210,77,187,199,61,26,228,43,108,161,196,113,170,177,183,123,183,56,17,108,163,42,207,87,2,179,165,201,229,112,12,113,254,128,111,113,151,207,33,121,139,158,91,164,75,103,168,150,32,152,235,1,153,5,150,185,97,212,126,236,110,22,22,186,73,184,212,138,243,156,227,54,119,135,85,91,81,35,129,51,208,246,240,19,221,9,132,118,39,227,19,231,215,214,202,151,248,205,138,231,95,239,228,61,82,172,228,202,155,120,125,246,62,13,138,74,83,53,141,205,70,208,73,11,84,123,70,247,97,15,194,90,164,194,63,161,46,156,237,124,36,151,229,129,136,198,102,237,163,4,215,153,30,74,4,8,72,159,135,186,117,179,113,96,35,39,92,178,52,12,19,149,34,47,154,195,119,97,247,91,103,3,205,148,244,90,242,141,35,125,255,228,39,16,10,19,187,89,46,42,15,253,173,152,131,219,10,23,145,90,189,161,39,84,83,226,218,87,171,50,13,162,129,152,139,17,152,184,89,143,240,17,126,2,147,16,84,191,120,78,128,44,134,219,124,228,4,71,213,10,129,14,241,224,158,201,135,81,136,73,32,242,6,127,16,131,199,18,66,207,157,36,254,154,42,113,219,69,12,227,95,20,126,0,231,129,147,36,178,216,66,126,41,31,38,50,65,73,1,229,60,36,243,46,56,203,78,208,152,208,81,12,50,6,135,98,74,56,113,115,110,108,14,32,167,42,70,180,17,47,113,179,149,148,68,178,193,153,77,144,254,72,205,105,56,14,155,20,16,12,201,28,157,168,66,229,49,92,13,23,97,229,159,23,81,203,222,66,62,85,116,150,117,82,1,138,51,179,5,102,147,156,75,184,83,91,132,34,112,108,152,89,45,17,202,112,115,192,52,214,168,94,118,196,115,243,132,201,146,92,65,248,123,172,190,98,195,63,63,188,248,95,76,120,112,90,165,221,39,148,127,85,157,89,228,92,47,228,22,227,227,224,134,182,38,88,148,244,242,93,247,236,152,71,138,45,44,88,91,148,150,163,67,195,129,7,8,128,251,3,229,129,203,76,111,72,45,129,79,100,152,208,70,90,188,29,175,201,148,68,168,89,131,164,119,0,125,122,143,152,118,102,237,76,149,232,198,239,78,64,133,218,8,174,187,12,241,153,130,197,232,93,111,96,142,16,230,250,243,55,66,240,77,83,121,94,99,203,20,184,57,118,67,121,110,222,156,138,149,127,31,42,205,176,170,7,23,2,149,220,88,133,156,4,98,181,238,89,50,168,244,20,226,244,125,70,113,232,18,207,127,30,184,241,41,148,215,76,63,224,177,57,72,122,84,18,47,241,232,184,28,75,242,166,6,33,163,99,56,94,106,149,14,189,43,117,164,121,54,255,70,191,103,129,191,169,208,137,124,42,157,73,75,1,135,14,100,151,213,28,71,251,24,236,207,164,2,211,246,81,52,131,146,143,17,251,218,233,41,57,79,148,138,70,113,203,249,198,42,90,80,121,138,127,156,184,99,226,160,6,233,156,239,218,225,248,25,159,161,251,119,41,99,118,11,195,30,162,240,237,175,176,185,8,41,63,31,124,54,79,64,93,198,238,157,153,192,206,146,151,150,54,243,153,100,95,163,201,166,237,62,93,35,3,233,244,252,150,93,17,16,87,31,9,29,106,22,241,245,242,98,39,154,2,160,252,107,194,142,130,83,166,17,97,211,162,15,149,167,49,221,106,58,11,85,168,57,196,193,194,11,154,18,184,167,230,175,148,141,232,34,243,173,60,216,155,213,179,185,132,243,90,125,97,133,90,25,12,226,162,133,139,176,145,206,91,182,208,202,129,191,51,219,75,171,91,9,202,137,155,8,130,200,246,68,35,171,9,43,143,52,98,104,165,132,212,168,127,242,136,9,136,98,203,66,13,229,32,190,78,29,83,138,100,105,142,214,111,135,101,129,30,109,18,127,230,140,155,6,75,121,138,198,217,225,231,162,217,200,82,161,152,105,183,190,186,153,129,11,41,234,81,226,183,197,4,51,141,148,200,238,22,201,166,216,65,173,92,167,175,209,163,175,253,94,29,78,193,70,158,173,15,159,248,9,237,110,201,59,139,69,205,203,185,79,130,39,88,105,52,146,50,178,158,67,102,166,39,45,231,209,188,207,238,215,146,211,19,204,227,32,233,227,194,1,97,123,21,73,79,96,22,151,46,226,191,223,110,81,197,137,90,187,14,94,173,137,168,212,225,234,163,111,3,12,17,118,204,83,27,87,251,76,107,250,211,0,233,135,203,62,80,100,191,142,30,102,212,81,54,166,85,34,225,119,44,91,187,186,153,14,114,237,222,232,209,104,217,253,205,86,202,51,196,211,192,51,65,202,119,115,35,150,39,71,162,44,135,25,6,160,250,156,38,30,41,65,212,186,52,64,6,146,75,12,218,7,134,181,196,141,187,244,43,234,188,41,84,189,98,35,132,157,228,202,175,244,140,12,108,222,248,46,36,102,252,208,14,94,1,12,201,231,40,213,48,152,156,181,74,232,32,49,86,75,103,39,128,225,194,28,21,68,119,104,158,29,137,106,153,4,4,131,53,207,135,245,197,194,211,75,33,199,10,200,204,152,53,107,115,154,128,7,41,234,134,228,237,189,106,212,183,133,104,185,131,159,211,75,136,118,101,155,216,214,236,27,226,23,51,227,67,24,213,183,233,130,116,176,30,38,45,222,182,133,46,244,167,141,164,147,159,93,60,247,207,150,63,56,112,25,0,95,48,177,7,66,196,131,128,128,241,52,233,205,188,46,17,237,93,74,248,179,4,70,59,98,5,248,132,244,6,254,229,232,232,125,4,63,155,153,153,135,156,198,31,233,17,121,54,124,83,39,165,101,122,168,88,228,240,135,206,45,109,146,242,104,236,126,192,144,233,212,207,101,24,139,80,171,135,7,2,29,132,39,134,0,29,164,40,94,34,36,126,190,82,125,254,168,244,96,103,185,18,20,114,155,114,54,250,102,105,234,240,62,198,85,175,138,183,246,12,88,159,104,142,142,112,46,32,154,230,253,85,72,99,22,9,118,107,117,18,172,234,251,127,199,24,120,77,104,192,182,205,127,139,214,115,153,79,18,130,22,177,171,134,48,11,2,102,145,208,73,92,65,181,22,109,88,243,28,190,137,73,146,123,151,90,97,186,194,255,70,124,222,36,30,163,67,195,129,7,67,128,251,3,229,84,146,223,11,195,165,90,25,171,24,127,252,78,96,84,173,197,83,119,164,253,58,155,209,224,120,89,227,241,234,190,103,158,164,25,128,230,61,218,67,30,249,21,235,9,102,240,99,235,202,228,254,71,38,108,173,243,144,22,254,151,75,166,98,0,2,192,10,251,69,132,169,148,230,209,238,142,167,184,48,214,145,124,80,7,191,54,85,196,163,216,179,5,21,85,58,94,90,241,206,31,205,19,69,57,95,19,114,204,37,166,3,44,84,7,123,174,97,176,187,198,232,102,119,235,49,141,72,246,138,177,253,76,223,140,37,160,129,11,26,167,179,133,117,238,181,128,185,48,227,112,174,30,81,182,131,224,90,106,204,125,202,22,31,249,147,2,19,6,117,239,209,173,67,48,82,13,169,2,42,53,9,186,179,114,96,227,233,151,204,162,148,131,146,255,9,147,236,18,38,225,190,232,52,157,20,1,115,144,47,41,129,8,231,234,176,200,140,31,145,98,230,146,204,98,197,101,200,224,73,215,128,65,193,53,177,131,78,198,145,138,255,135,118,229,151,65,101,200,121,109,247,90,106,250,187,198,232,218,3,47,121,87,24,26,112,142,25,65,89,155,51,220,86,0,76,82,210,163,72,188,121,63,100,34,52,32,231,145,198,194,156,132,101,4,41,14,53,84,68,195,29,37,181,61,150,159,151,182,90,119,205,252,105,36,41,241,121,122,141,152,237,81,187,107,153,210,106,89,212,127,164,225,99,93,154,55,33,164,252,15,51,169,170,255,99,30,124,128,64,232,50,164,131,54,201,151,90,191,101,93,140,227,223,162,227,90,205,139,10,98,172,153,76,72,198,220,23,66,17,114,137,113,100,75,202,247,83,224,8,134,47,41,247,100,154,185,158,34,167,234,91,205,226,65,57,1,201,222,69,208,251,120,210,107,170,2,54,216,135,255,89,221,20,113,39,163,251,78,156,101,102,199,222,103,112,82,218,155,205,83,137,35,129,127,39,210,97,142,162,114,7,175,22,250,213,17,186,239,219,152,40,19,129,194,152,11,160,27,81,246,172,211,107,247,31,212,6,236,118,11,229,125,64,124,197,185,131,78,235,8,195,233,172,210,200,165,205,237,110,158,222,46,73,95,21,233,56,242,111,157,9,178,39,169,130,177,236,75,33,58,220,93,249,73,211,167,57,158,152,209,113,83,218,128,130,64,206,229,71,11,14,96,83,243,145,117,148,65,12,209,63,138,93,191,185,155,78,42,178,141,141,204,33,193,1,86,204,252,112,82,212,61,167,80,99,88,90,75,137,133,220,202,105,165,113,173,235,117,192,157,233,128,93,58,112,149,184,239,20,249,85,202,106,106,64,185,84,49,206,219,37,129,180,148,150,67,55,208,54,71,13,203,160,244,16,60,43,6,55,208,205,210,147,225,86,84,118,173,114,235,157,121,140,104,244,205,156,4,253,207,204,212,234,17,135,4,55,64,118,79,155,234,62,6,172,222,69,94,98,94,79,178,118,137,130,66,109,38,153,172,143,77,238,44,207,1,53,239,15,21,246,154,114,202,4,168,241,234,216,180,174,7,170,39,58,236,218,99,201,10,20,31,159,143,192,204,53,4,236,209,140,216,75,160,251,92,97,167,84,83,239,26,111,129,29,40,227,207,251,8,22,162,149,157,231,30,133,86,250,175,233,215,185,100,60,14,91,41,111,75,202,62,176,150,246,25,139,192,101,15,57,198,125,145,253,34,143,215,113,3,201,208,26,30,85,86,94,126,189,107,40,154,159,128,193,154,252,180,30,78,114,222,55,37,137,203,247,26,157,69,246,144,115,119,247,113,162,5,72,106,145,60,249,35,6,140,243,33,51,15,34,118,199,98,14,239,28,101,41,147,30,15,193,73,114,117,47,219,220,218,215,43,146,12,108,209,64,138,179,133,155,255,252,30,14,107,2,176,249,48,121,192,248,48,49,148,34,138,116,227,213,84,253,191,121,35,114,203,78,7,36,148,58,225,252,103,49,184,229,150,10,169,80,5,15,237,208,230,33,117,144,8,21,28,156,102,137,29,37,30,171,71,63,98,102,161,176,101,45,138,15,246,194,23,64,102,87,253,2,111,241,167,157,8,157,127,71,49,7,89,99,218,225,216,96,163,67,195,129,7,128,128,251,3,68,45,164,66,242,67,41,34,56,71,32,174,143,172,120,61,246,211,27,77,165,67,182,16,26,101,196,109,169,202,133,79,201,68,226,1,145,186,164,33,161,118,183,108,135,221,32,5,170,178,246,251,237,101,161,200,174,115,17,186,130,212,85,110,94,52,216,83,15,81,138,123,59,142,59,32,161,191,166,88,1,177,95,214,159,193,221,73,112,127,210,15,239,143,250,12,145,57,163,139,160,22,120,116,166,184,182,142,247,166,102,239,158,197,168,243,64,20,156,189,219,80,34,184,45,236,0,0,0,0,199,195,232,131,71,5,6,40,58,82,174,180,26,42,31,144,211,136,96,190,229,144,157,116,153,213,11,70,2,225,183,40,195,222,172,153,79,128,102,98,178,175,164,195,69,59,58,205,3,221,152,252,20,97,129,157,4,31,249,59,184,217,40,217,183,40,243,153,152,229,196,237,193,106,21,191,182,235,88,200,208,174,155,110,9,122,47,178,171,201,139,111,247,62,28,143,233,63,104,118,247,80,33,250,178,79,192,136,240,231,165,167,142,81,175,232,193,53,144,98,195,223,201,174,214,167,98,192,120,150,193,29,168,254,107,12,128,102,232,132,132,20,225,27,106,244,58,83,136,0,119,140,117,148,11,155,140,66,27,201,199,132,126,228,184,18,213,77,78,34,118,163,198,180,236,103,70,169,24,119,33,176,247,177,163,10,101,100,247,230,85,175,95,221,218,55,114,59,127,120,178,208,16,237,147,167,218,237,84,62,30,137,149,1,187,56,192,180,6,35,101,225,182,151,194,38,61,183,234,64,61,248,190,214,15,242,147,198,235,16,191,248,252,117,191,50,92,149,35,36,247,47,134,132,42,40,17,105,201,109,229,237,91,88,75,190,102,226,236,21,153,189,224,225,138,120,219,64,247,245,65,150,222,85,152,43,67,171,210,0,15,110,20,79,236,241,89,20,69,92,95,35,98,99,57,131,57,208,94,3,6,146,91,71,243,172,13,91,129,214,97,157,31,187,117,53,43,185,135,8,104,235,76,26,11,149,117,36,15,225,67,127,210,128,18,201,25,99,251,96,203,185,117,202,156,69,27,9,165,133,246,190,5,17,35,46,55,243,193,0,12,182,160,50,42,194,194,101,31,149,101,208,240,214,141,89,122,145,9,42,94,68,171,219,71,56,197,91,46,194,238,206,212,82,3,208,218,218,14,192,128,30,196,221,52,44,100,107,70,72,101,224,66,235,82,29,71,54,235,16,159,181,60,205,181,192,98,148,139,185,88,15,219,13,234,30,123,123,176,169,227,145,220,180,51,172,99,132,115,164,3,125,220,212,147,111,172,174,206,75,219,139,120,169,145,1,120,130,162,106,101,175,210,96,84,161,202,91,12,106,152,192,110,86,24,12,228,193,241,94,245,248,200,245,205,146,105,163,67,255,246,74,246,149,148,147,24,178,44,244,233,203,79,22,178,58,175,248,229,146,224,97,59,38,117,129,112,229,84,84,199,182,87,120,229,165,190,64,55,137,5,230,242,9,101,172,35,235,173,189,77,150,63,49,42,218,20,191,124,160,99,164,250,116,117,250,160,104,113,54,62,69,133,22,22,171,15,222,3,158,75,162,75,105,153,20,38,168,105,165,213,26,98,6,208,201,131,47,45,53,85,183,47,239,242,155,61,123,7,216,43,148,232,182,219,155,56,53,47,78,192,90,31,37,40,98,176,46,13,7,27,149,87,114,104,225,109,129,227,215,92,229,220,19,58,11,64,144,35,150,130,22,126,64,213,100,10,0,228,158,253,162,252,170,30,138,105,42,123,208,75,93,138,176,85,5,106,157,21,184,42,237,54,198,2,102,144,39,135,231,102,121,76,128,218,226,186,71,221,31,164,190,239,88,64,133,26,178,57,100,61,146,156,140,156,97,106,195,184,118,213,154,0,114,50,213,11,121,191,161,26,116,2,80,212,239,185,103,214,202,69,242,245,212,52,154,141,70,40,186,76,252,80,135,19,53,144,215,45,251,171,15,166,240,240,0,199,17,136,239,13,213,172,64,237,227,198,125,2,185,82,32,128,64,78,13,44,180,20,95,216,150,138,1,181,134,40,163,156,215,214,41,0,107,69,51,199,212,182,47,31,27,226,91,89,99,79,28,83,187,107,141,187,139,179,129,0,183,134,247,129,1,241,129,215]},"size":32174,"cloudinaryUrl":"https://res.cloudinary.com/dms7inqwd/video/upload/v1767464195/tasks/q3l8jsc5avw8tl5sqosw.webm","cloudinaryId":"tasks/q3l8jsc5avw8tl5sqosw","resourceType":"video","format":"webm"}
Body Voice: undefined
Success: URL=https://res.cloudinary.com/dms7inqwd/video/upload/v1767464195/tasks/q3l8jsc5avw8tl5sqosw.webm
